entry,tp,sl,trend_n,max_bars,fees,bars,years,start,end,final_equity,total_return_pct,cagr_pct,buy_hold_return_pct,excess_vs_hold_pct,ann_vol_pct,sharpe,max_drawdown_pct,fees_paid,fees_pct_of_initial,n_trades,win_rate_pct,avg_win_pct,avg_loss_pct,expectancy_pct_per_trade,median_ret_pct,profit_factor,avg_bars_held,median_bars_held,trades_per_month,exposure_pct,exit_reasons,worst_trade_pct,best_trade_pct,expectancy_ci95_pct
immediate,1.0,,,,coinbase_50k,8758,1.0,2022-01-01 00:00:00+00:00,2022-12-31 23:00:00+00:00,3479.56,-65.2,-65.21,-64.43,-0.78,64.23,-1.32,-67.43,114.3,1.14,3,66.7,0.597,-65.616,-21.474,0.597,0.02,2918.0,11.0,0.3,100.0,"{'target': 2, 'end': 1}",-65.62,0.6,"[None, None]"
immediate,1.0,,4800.0,,coinbase_50k,8758,1.0,2022-01-01 00:00:00+00:00,2022-12-31 23:00:00+00:00,10000.0,0.0,0.0,-64.43,64.43,0.0,,0.0,0.0,0.0,0,,,,,,,,,,,,,,
immediate,1.0,1.0,,,coinbase_50k,8758,1.0,2022-01-01 00:00:00+00:00,2022-12-31 23:00:00+00:00,0.99,-99.99,-99.99,-64.43,-35.56,52.06,-17.44,-99.99,8202.61,82.03,1771,44.4,0.739,-1.513,-0.512,-1.513,0.35,2.8,1.0,147.6,57.2,"{'stop': 984, 'target': 787}",-1.52,6.11,"[-0.565, -0.457]"
immediate,1.0,1.0,4800.0,,coinbase_50k,8758,1.0,2022-01-01 00:00:00+00:00,2022-12-31 23:00:00+00:00,10000.0,0.0,0.0,-64.43,64.43,0.0,,0.0,0.0,0.0,0,,,,,,,,,,,,,,
immediate,1.0,2.0,,,coinbase_50k,8758,1.0,2022-01-01 00:00:00+00:00,2022-12-31 23:00:00+00:00,11.48,-99.89,-99.89,-64.43,-35.46,57.54,-11.48,-99.89,7468.05,74.68,1230,61.1,0.716,-2.506,-0.536,0.597,0.41,6.1,3.0,102.5,86.0,"{'target': 752, 'stop': 477, 'end': 1}",-2.51,6.23,"[-0.632, -0.445]"
immediate,1.0,2.0,4800.0,,coinbase_50k,8758,1.0,2022-01-01 00:00:00+00:00,2022-12-31 23:00:00+00:00,10000.0,0.0,0.0,-64.43,64.43,0.0,,0.0,0.0,0.0,0,,,,,,,,,,,,,,
immediate,1.0,3.0,,,coinbase_50k,8758,1.0,2022-01-01 00:00:00+00:00,2022-12-31 23:00:00+00:00,53.94,-99.46,-99.46,-64.43,-35.03,58.52,-8.63,-99.47,7258.43,72.58,898,69.9,0.7,-3.493,-0.56,0.597,0.45,8.8,4.0,74.9,89.7,"{'target': 628, 'stop': 269, 'end': 1}",-3.5,6.11,"[-0.688, -0.424]"
immediate,1.0,3.0,4800.0,,coinbase_50k,8758,1.0,2022-01-01 00:00:00+00:00,2022-12-31 23:00:00+00:00,10000.0,0.0,0.0,-64.43,64.43,0.0,,0.0,0.0,0.0,0,,,,,,,,,,,,,,
immediate,1.0,5.0,,,coinbase_50k,8758,1.0,2022-01-01 00:00:00+00:00,2022-12-31 23:00:00+00:00,300.13,-97.0,-97.0,-64.43,-32.57,60.45,-5.5,-97.05,6325.58,63.26,558,78.7,0.73,-5.47,-0.592,0.597,0.46,14.7,5.0,46.5,93.6,"{'target': 439, 'stop': 118, 'end': 1}",-5.49,6.11,"[-0.807, -0.383]"
immediate,1.0,5.0,4800.0,,coinbase_50k,8758,1.0,2022-01-01 00:00:00+00:00,2022-12-31 23:00:00+00:00,10000.0,0.0,0.0,-64.43,64.43,0.0,,0.0,0.0,0.0,0,,,,,,,,,,,,,,
immediate,1.5,,,,coinbase_50k,8758,1.0,2022-01-01 00:00:00+00:00,2022-12-31 23:00:00+00:00,3514.1,-64.86,-64.87,-64.43,-0.43,64.24,-1.31,-67.43,114.98,1.15,3,66.7,1.095,-65.616,-21.142,1.095,0.03,2918.0,11.0,0.3,100.0,"{'target': 2, 'end': 1}",-65.62,1.1,"[None, None]"
immediate,1.5,,4800.0,,coinbase_50k,8758,1.0,2022-01-01 00:00:00+00:00,2022-12-31 23:00:00+00:00,10000.0,0.0,0.0,-64.43,64.43,0.0,,0.0,0.0,0.0,0,,,,,,,,,,,,,,
immediate,1.5,1.0,,,coinbase_50k,8758,1.0,2022-01-01 00:00:00+00:00,2022-12-31 23:00:00+00:00,1.38,-99.99,-99.99,-64.43,-35.56,56.56,-15.43,-99.99,8521.29,85.21,1611,35.9,1.196,-1.513,-0.541,-1.513,0.44,4.4,2.0,134.3,81.6,"{'stop': 1033, 'target': 577, 'end': 1}",-1.51,6.23,"[-0.605, -0.473]"
immediate,1.5,1.0,4800.0,,coinbase_50k,8758,1.0,2022-01-01 00:00:00+00:00,2022-12-31 23:00:00+00:00,10000.0,0.0,0.0,-64.43,64.43,0.0,,0.0,0.0,0.0,0,,,,,,,,,,,,,,
immediate,1.5,2.0,,,coinbase_50k,8758,1.0,2022-01-01 00:00:00+00:00,2022-12-31 23:00:00+00:00,33.41,-99.67,-99.67,-64.43,-35.24,58.71,-9.42,-99.67,8002.16,80.02,946,52.0,1.189,-2.504,-0.583,1.095,0.53,8.3,4.0,78.9,89.2,"{'target': 492, 'stop': 453, 'end': 1}",-2.51,6.23,"[-0.706, -0.462]"
immediate,1.5,2.0,4800.0,,coinbase_50k,8758,1.0,2022-01-01 00:00:00+00:00,2022-12-31 23:00:00+00:00,10000.0,0.0,0.0,-64.43,64.43,0.0,,0.0,0.0,0.0,0,,,,,,,,,,,,,,
immediate,1.5,3.0,,,coinbase_50k,8758,1.0,2022-01-01 00:00:00+00:00,2022-12-31 23:00:00+00:00,142.14,-98.58,-98.58,-64.43,-34.15,59.46,-6.86,-98.61,7640.82,76.41,666,61.9,1.174,-3.503,-0.61,1.095,0.57,12.1,5.0,55.5,92.4,"{'target': 411, 'stop': 254, 'end': 1}",-3.5,6.11,"[-0.775, -0.429]"
immediate,1.5,3.0,4800.0,,coinbase_50k,8758,1.0,2022-01-01 00:00:00+00:00,2022-12-31 23:00:00+00:00,10000.0,0.0,0.0,-64.43,64.43,0.0,,0.0,0.0,0.0,0,,,,,,,,,,,,,,
immediate,1.5,5.0,,,coinbase_50k,8758,1.0,2022-01-01 00:00:00+00:00,2022-12-31 23:00:00+00:00,586.51,-94.13,-94.14,-64.43,-29.71,61.25,-4.32,-94.29,6649.69,66.5,428,72.7,1.213,-5.47,-0.614,1.095,0.59,19.5,7.0,35.7,95.1,"{'target': 311, 'stop': 116, 'end': 1}",-5.49,6.11,"[-0.896, -0.326]"
immediate,1.5,5.0,4800.0,,coinbase_50k,8758,1.0,2022-01-01 00:00:00+00:00,2022-12-31 23:00:00+00:00,10000.0,0.0,0.0,-64.43,64.43,0.0,,0.0,0.0,0.0,0,,,,,,,,,,,,,,
immediate,2.0,,,,coinbase_50k,8758,1.0,2022-01-01 00:00:00+00:00,2022-12-31 23:00:00+00:00,3493.16,-65.07,-65.08,-64.43,-0.64,64.23,-1.32,-67.43,74.29,0.74,2,50.0,1.593,-65.616,-32.012,-32.012,0.02,4377.5,4377.5,0.2,100.0,"{'target': 1, 'end': 1}",-65.62,1.59,"[None, None]"
immediate,2.0,,4800.0,,coinbase_50k,8758,1.0,2022-01-01 00:00:00+00:00,2022-12-31 23:00:00+00:00,10000.0,0.0,0.0,-64.43,64.43,0.0,,0.0,0.0,0.0,0,,,,,,,,,,,,,,
immediate,2.0,1.0,,,coinbase_50k,8758,1.0,2022-01-01 00:00:00+00:00,2022-12-31 23:00:00+00:00,4.53,-99.95,-99.95,-64.43,-35.53,57.53,-13.09,-99.96,7700.26,77.0,1364,30.2,1.67,-1.513,-0.552,-1.513,0.44,5.4,2.0,113.7,84.4,"{'stop': 952, 'target': 411, 'end': 1}",-1.51,6.11,"[-0.629, -0.473]"
immediate,2.0,1.0,4800.0,,coinbase_50k,8758,1.0,2022-01-01 00:00:00+00:00,2022-12-31 23:00:00+00:00,10000.0,0.0,0.0,-64.43,64.43,0.0,,0.0,0.0,0.0,0,,,,,,,,,,,,,,
immediate,2.0,2.0,,,coinbase_50k,8758,1.0,2022-01-01 00:00:00+00:00,2022-12-31 23:00:00+00:00,57.09,-99.43,-99.43,-64.43,-35.0,60.12,-8.29,-99.44,6781.6,67.82,789,45.1,1.653,-2.508,-0.631,-2.508,0.52,10.1,4.0,65.8,91.0,"{'stop': 433, 'target': 355, 'end': 1}",-2.51,6.11,"[-0.774, -0.476]"
immediate,2.0,2.0,4800.0,,coinbase_50k,8758,1.0,2022-01-01 00:00:00+00:00,2022-12-31 23:00:00+00:00,10000.0,0.0,0.0,-64.43,64.43,0.0,,0.0,0.0,0.0,0,,,,,,,,,,,,,,
immediate,2.0,3.0,,,coinbase_50k,8758,1.0,2022-01-01 00:00:00+00:00,2022-12-31 23:00:00+00:00,221.9,-97.78,-97.78,-64.43,-33.35,60.92,-5.95,-97.82,6543.15,65.43,547,55.2,1.646,-3.503,-0.66,1.593,0.58,15.0,6.0,45.6,93.8,"{'target': 301, 'stop': 245, 'end': 1}",-3.5,6.11,"[-0.879, -0.45]"
immediate,2.0,3.0,4800.0,,coinbase_50k,8758,1.0,2022-01-01 00:00:00+00:00,2022-12-31 23:00:00+00:00,10000.0,0.0,0.0,-64.43,64.43,0.0,,0.0,0.0,0.0,0,,,,,,,,,,,,,,
immediate,2.0,5.0,,,coinbase_50k,8758,1.0,2022-01-01 00:00:00+00:00,2022-12-31 23:00:00+00:00,663.5,-93.36,-93.37,-64.43,-28.94,61.64,-4.09,-93.5,4823.16,48.23,320,65.6,1.663,-5.458,-0.785,1.593,0.56,26.4,12.0,26.7,96.3,"{'target': 210, 'stop': 109, 'end': 1}",-5.49,6.11,"[-1.165, -0.421]"
immediate,2.0,5.0,4800.0,,coinbase_50k,8758,1.0,2022-01-01 00:00:00+00:00,2022-12-31 23:00:00+00:00,10000.0,0.0,0.0,-64.43,64.43,0.0,,0.0,0.0,0.0,0,,,,,,,,,,,,,,
immediate,3.0,,,,coinbase_50k,8758,1.0,2022-01-01 00:00:00+00:00,2022-12-31 23:00:00+00:00,3514.12,-64.86,-64.87,-64.43,-0.43,64.23,-1.31,-67.51,74.74,0.75,2,50.0,2.589,-65.746,-31.578,-31.578,0.04,4377.5,4377.5,0.2,100.0,"{'target': 1, 'end': 1}",-65.75,2.59,"[None, None]"
immediate,3.0,,4800.0,,coinbase_50k,8758,1.0,2022-01-01 00:00:00+00:00,2022-12-31 23:00:00+00:00,10000.0,0.0,0.0,-64.43,64.43,0.0,,0.0,0.0,0.0,0,,,,,,,,,,,,,,
immediate,3.0,1.0,,,coinbase_50k,8758,1.0,2022-01-01 00:00:00+00:00,2022-12-31 23:00:00+00:00,21.54,-99.78,-99.78,-64.43,-35.36,58.94,-10.12,-99.79,7875.06,78.75,1038,22.6,2.633,-1.513,-0.575,-1.513,0.49,7.4,2.0,86.5,88.1,"{'stop': 803, 'target': 234, 'end': 1}",-1.51,6.11,"[-0.68, -0.465]"
immediate,3.0,1.0,4800.0,,coinbase_50k,8758,1.0,2022-01-01 00:00:00+00:00,2022-12-31 23:00:00+00:00,10000.0,0.0,0.0,-64.43,64.43,0.0,,0.0,0.0,0.0,0,,,,,,,,,,,,,,
immediate,3.0,2.0,,,coinbase_50k,8758,1.0,2022-01-01 00:00:00+00:00,2022-12-31 23:00:00+00:00,170.58,-98.29,-98.3,-64.43,-33.87,61.28,-6.34,-98.34,6459.85,64.6,575,35.7,2.627,-2.505,-0.675,-2.508,0.57,14.2,6.0,47.9,93.4,"{'stop': 369, 'target': 205, 'end': 1}",-2.51,6.11,"[-0.863, -0.483]"
immediate,3.0,2.0,4800.0,,coinbase_50k,8758,1.0,2022-01-01 00:00:00+00:00,2022-12-31 23:00:00+00:00,10000.0,0.0,0.0,-64.43,64.43,0.0,,0.0,0.0,0.0,0,,,,,,,,,,,,,,
immediate,3.0,3.0,,,coinbase_50k,8758,1.0,2022-01-01 00:00:00+00:00,2022-12-31 23:00:00+00:00,441.1,-95.59,-95.59,-64.43,-31.16,61.26,-4.79,-95.74,5627.14,56.27,401,45.4,2.61,-3.503,-0.729,-3.503,0.6,20.8,10.0,33.4,95.4,"{'stop': 219, 'target': 181, 'end': 1}",-3.5,6.11,"[-1.026, -0.402]"
immediate,3.0,3.0,4800.0,,coinbase_50k,8758,1.0,2022-01-01 00:00:00+00:00,2022-12-31 23:00:00+00:00,10000.0,0.0,0.0,-64.43,64.43,0.0,,0.0,0.0,0.0,0,,,,,,,,,,,,,,
immediate,3.0,5.0,,,coinbase_50k,8758,1.0,2022-01-01 00:00:00+00:00,2022-12-31 23:00:00+00:00,1036.43,-89.64,-89.64,-64.43,-25.21,62.25,-3.33,-90.2,4162.74,41.63,246,57.3,2.619,-5.474,-0.835,2.589,0.61,34.6,15.0,20.5,97.2,"{'target': 141, 'stop': 104, 'end': 1}",-5.49,6.11,"[-1.357, -0.336]"
immediate,3.0,5.0,4800.0,,coinbase_50k,8758,1.0,2022-01-01 00:00:00+00:00,2022-12-31 23:00:00+00:00,10000.0,0.0,0.0,-64.43,64.43,0.0,,0.0,0.0,0.0,0,,,,,,,,,,,,,,
immediate,4.0,,,,coinbase_50k,8758,1.0,2022-01-01 00:00:00+00:00,2022-12-31 23:00:00+00:00,3523.44,-64.77,-64.77,-64.43,-0.34,64.23,-1.3,-67.43,33.77,0.34,1,0.0,,-64.766,-64.766,-64.766,0.0,8756.0,8756.0,0.1,100.0,{'end': 1},-64.77,-64.77,"[None, None]"
immediate,4.0,,4800.0,,coinbase_50k,8758,1.0,2022-01-01 00:00:00+00:00,2022-12-31 23:00:00+00:00,10000.0,0.0,0.0,-64.43,64.43,0.0,,0.0,0.0,0.0,0,,,,,,,,,,,,,,
immediate,4.0,1.0,,,coinbase_50k,8758,1.0,2022-01-01 00:00:00+00:00,2022-12-31 23:00:00+00:00,57.19,-99.43,-99.43,-64.43,-35.0,59.66,-8.36,-99.44,7517.48,75.17,836,17.9,3.596,-1.513,-0.597,-1.513,0.49,9.5,2.0,69.7,90.5,"{'stop': 686, 'target': 149, 'end': 1}",-1.51,6.11,"[-0.732, -0.467]"
immediate,4.0,1.0,4800.0,,coinbase_50k,8758,1.0,2022-01-01 00:00:00+00:00,2022-12-31 23:00:00+00:00,10000.0,0.0,0.0,-64.43,64.43,0.0,,0.0,0.0,0.0,0,,,,,,,,,,,,,,
immediate,4.0,2.0,,,coinbase_50k,8758,1.0,2022-01-01 00:00:00+00:00,2022-12-31 23:00:00+00:00,274.32,-97.26,-97.26,-64.43,-32.83,62.21,-5.47,-97.33,5474.55,54.75,459,29.0,3.586,-2.508,-0.742,-2.508,0.54,18.1,7.0,38.3,94.8,"{'stop': 326, 'target': 132, 'end': 1}",-2.51,6.11,"[-0.979, -0.49]"
immediate,4.0,2.0,4800.0,,coinbase_50k,8758,1.0,2022-01-01 00:00:00+00:00,2022-12-31 23:00:00+00:00,10000.0,0.0,0.0,-64.43,64.43,0.0,,0.0,0.0,0.0,0,,,,,,,,,,,,,,
immediate,4.0,3.0,,,coinbase_50k,8758,1.0,2022-01-01 00:00:00+00:00,2022-12-31 23:00:00+00:00,727.46,-92.73,-92.73,-64.43,-28.3,62.48,-3.88,-92.94,4876.32,48.76,300,38.0,3.583,-3.503,-0.811,-3.503,0.6,28.2,14.0,25.0,96.6,"{'stop': 186, 'target': 113, 'end': 1}",-3.5,6.11,"[-1.203, -0.414]"
immediate,4.0,3.0,4800.0,,coinbase_50k,8758,1.0,2022-01-01 00:00:00+00:00,2022-12-31 23:00:00+00:00,10000.0,0.0,0.0,-64.43,64.43,0.0,,0.0,0.0,0.0,0,,,,,,,,,,,,,,
immediate,4.0,5.0,,,coinbase_50k,8758,1.0,2022-01-01 00:00:00+00:00,2022-12-31 23:00:00+00:00,1464.24,-85.36,-85.36,-64.43,-20.93,63.53,-2.71,-86.21,3946.89,39.47,194,50.5,3.617,-5.472,-0.881,3.585,0.65,44.1,24.0,16.2,97.8,"{'target': 98, 'stop': 95, 'end': 1}",-5.49,6.11,"[-1.499, -0.275]"
immediate,4.0,5.0,4800.0,,coinbase_50k,8758,1.0,2022-01-01 00:00:00+00:00,2022-12-31 23:00:00+00:00,10000.0,0.0,0.0,-64.43,64.43,0.0,,0.0,0.0,0.0,0,,,,,,,,,,,,,,
immediate,5.0,,,,coinbase_50k,8758,1.0,2022-01-01 00:00:00+00:00,2022-12-31 23:00:00+00:00,3523.44,-64.77,-64.77,-64.43,-0.34,64.23,-1.3,-67.43,33.77,0.34,1,0.0,,-64.766,-64.766,-64.766,0.0,8756.0,8756.0,0.1,100.0,{'end': 1},-64.77,-64.77,"[None, None]"
immediate,5.0,,4800.0,,coinbase_50k,8758,1.0,2022-01-01 00:00:00+00:00,2022-12-31 23:00:00+00:00,10000.0,0.0,0.0,-64.43,64.43,0.0,,0.0,0.0,0.0,0,,,,,,,,,,,,,,
immediate,5.0,1.0,,,coinbase_50k,8758,1.0,2022-01-01 00:00:00+00:00,2022-12-31 23:00:00+00:00,122.49,-98.78,-98.78,-64.43,-34.35,60.86,-6.93,-98.81,7562.06,75.62,712,15.2,4.554,-1.513,-0.593,-1.513,0.51,11.3,2.0,59.3,91.9,"{'stop': 604, 'target': 107, 'end': 1}",-1.51,6.11,"[-0.758, -0.433]"
immediate,5.0,1.0,4800.0,,coinbase_50k,8758,1.0,2022-01-01 00:00:00+00:00,2022-12-31 23:00:00+00:00,10000.0,0.0,0.0,-64.43,64.43,0.0,,0.0,0.0,0.0,0,,,,,,,,,,,,,,
immediate,5.0,2.0,,,coinbase_50k,8758,1.0,2022-01-01 00:00:00+00:00,2022-12-31 23:00:00+00:00,476.7,-95.23,-95.24,-64.43,-30.81,62.9,-4.52,-95.41,5767.78,57.68,395,25.3,4.552,-2.508,-0.721,-2.508,0.59,21.2,8.0,32.9,95.5,"{'stop': 295, 'target': 99, 'end': 1}",-2.51,6.11,"[-1.026, -0.405]"
immediate,5.0,2.0,4800.0,,coinbase_50k,8758,1.0,2022-01-01 00:00:00+00:00,2022-12-31 23:00:00+00:00,10000.0,0.0,0.0,-64.43,64.43,0.0,,0.0,0.0,0.0,0,,,,,,,,,,,,,,
immediate,5.0,3.0,,,coinbase_50k,8758,1.0,2022-01-01 00:00:00+00:00,2022-12-31 23:00:00+00:00,802.01,-91.98,-91.98,-64.43,-27.55,62.84,-3.7,-92.19,4575.45,45.75,273,33.0,4.549,-3.503,-0.849,-3.503,0.61,31.1,14.0,22.8,96.9,"{'stop': 183, 'target': 89, 'end': 1}",-3.5,6.11,"[-1.301, -0.41]"
immediate,5.0,3.0,4800.0,,coinbase_50k,8758,1.0,2022-01-01 00:00:00+00:00,2022-12-31 23:00:00+00:00,10000.0,0.0,0.0,-64.43,64.43,0.0,,0.0,0.0,0.0,0,,,,,,,,,,,,,,
immediate,5.0,5.0,,,coinbase_50k,8758,1.0,2022-01-01 00:00:00+00:00,2022-12-31 23:00:00+00:00,1907.18,-80.93,-80.94,-64.43,-16.5,63.86,-2.28,-81.74,3589.98,35.9,168,45.8,4.601,-5.471,-0.855,-5.493,0.67,51.1,25.0,14.0,98.1,"{'stop': 90, 'target': 77, 'end': 1}",-5.49,6.11,"[-1.595, -0.114]"
immediate,5.0,5.0,4800.0,,coinbase_50k,8758,1.0,2022-01-01 00:00:00+00:00,2022-12-31 23:00:00+00:00,10000.0,0.0,0.0,-64.43,64.43,0.0,,0.0,0.0,0.0,0,,,,,,,,,,,,,,
dip,1.0,,,,coinbase_50k,8758,1.0,2022-01-01 00:00:00+00:00,2022-12-31 23:00:00+00:00,3579.42,-64.21,-64.21,-64.43,0.22,64.14,-1.28,-67.23,146.06,1.46,5,80.0,0.697,-65.187,-12.479,0.697,0.04,1741.2,12.0,0.4,99.4,"{'target': 4, 'end': 1}",-65.19,0.7,"[-38.833, 0.697]"
dip,1.0,,4800.0,,coinbase_50k,8758,1.0,2022-01-01 00:00:00+00:00,2022-12-31 23:00:00+00:00,10000.0,0.0,0.0,-64.43,64.43,0.0,,0.0,0.0,0.0,0,,,,,,,,,,,,,,
dip,1.0,1.0,,,coinbase_50k,8758,1.0,2022-01-01 00:00:00+00:00,2022-12-31 23:00:00+00:00,509.3,-94.91,-94.91,-64.43,-30.48,31.03,-9.44,-95.07,8118.88,81.19,680,45.0,0.772,-1.415,-0.431,-1.415,0.46,3.0,1.0,56.7,23.2,"{'stop': 374, 'target': 306}",-1.42,3.07,"[-0.512, -0.342]"
dip,1.0,1.0,4800.0,,coinbase_50k,8758,1.0,2022-01-01 00:00:00+00:00,2022-12-31 23:00:00+00:00,10000.0,0.0,0.0,-64.43,64.43,0.0,,0.0,0.0,0.0,0,,,,,,,,,,,,,,
dip,1.0,2.0,,,coinbase_50k,8758,1.0,2022-01-01 00:00:00+00:00,2022-12-31 23:00:00+00:00,790.19,-92.1,-92.1,-64.43,-27.67,38.48,-6.4,-92.36,6857.17,68.57,576,62.5,0.763,-2.411,-0.428,0.697,0.51,5.7,2.0,48.0,37.3,"{'target': 360, 'stop': 216}",-2.43,3.07,"[-0.555, -0.301]"
dip,1.0,2.0,4800.0,,coinbase_50k,8758,1.0,2022-01-01 00:00:00+00:00,2022-12-31 23:00:00+00:00,10000.0,0.0,0.0,-64.43,64.43,0.0,,0.0,0.0,0.0,0,,,,,,,,,,,,,,
dip,1.0,3.0,,,coinbase_50k,8758,1.0,2022-01-01 00:00:00+00:00,2022-12-31 23:00:00+00:00,1419.1,-85.81,-85.82,-64.43,-21.38,42.14,-4.42,-86.47,6723.05,67.23,484,72.1,0.785,-3.407,-0.384,0.697,0.57,8.3,3.0,40.3,45.9,"{'target': 349, 'stop': 135}",-3.41,6.38,"[-0.551, -0.221]"
dip,1.0,3.0,4800.0,,coinbase_50k,8758,1.0,2022-01-01 00:00:00+00:00,2022-12-31 23:00:00+00:00,10000.0,0.0,0.0,-64.43,64.43,0.0,,0.0,0.0,0.0,0,,,,,,,,,,,,,,
dip,1.0,5.0,,,coinbase_50k,8758,1.0,2022-01-01 00:00:00+00:00,2022-12-31 23:00:00+00:00,1266.95,-87.33,-87.34,-64.43,-22.9,47.06,-4.15,-88.07,4350.1,43.5,365,79.2,0.748,-5.398,-0.532,0.697,0.47,14.6,4.0,30.4,60.9,"{'target': 289, 'stop': 76}",-5.4,2.9,"[-0.793, -0.289]"
dip,1.0,5.0,4800.0,,coinbase_50k,8758,1.0,2022-01-01 00:00:00+00:00,2022-12-31 23:00:00+00:00,10000.0,0.0,0.0,-64.43,64.43,0.0,,0.0,0.0,0.0,0,,,,,,,,,,,,,,
dip,1.5,,,,coinbase_50k,8758,1.0,2022-01-01 00:00:00+00:00,2022-12-31 23:00:00+00:00,3549.9,-64.5,-64.51,-64.43,-0.07,64.17,-1.29,-67.39,84.96,0.85,3,66.7,1.196,-65.335,-20.981,1.196,0.04,2908.3,2040.0,0.3,99.6,"{'target': 2, 'end': 1}",-65.34,1.2,"[None, None]"
dip,1.5,,4800.0,,coinbase_50k,8758,1.0,2022-01-01 00:00:00+00:00,2022-12-31 23:00:00+00:00,10000.0,0.0,0.0,-64.43,64.43,0.0,,0.0,0.0,0.0,0,,,,,,,,,,,,,,
dip,1.5,1.0,,,coinbase_50k,8758,1.0,2022-01-01 00:00:00+00:00,2022-12-31 23:00:00+00:00,453.03,-95.47,-95.47,-64.43,-31.04,33.97,-8.94,-95.59,7540.3,75.4,614,34.7,1.238,-1.415,-0.495,-1.415,0.49,4.2,2.0,51.2,29.3,"{'stop': 401, 'target': 213}",-1.42,3.07,"[-0.593, -0.395]"
dip,1.5,1.0,4800.0,,coinbase_50k,8758,1.0,2022-01-01 00:00:00+00:00,2022-12-31 23:00:00+00:00,10000.0,0.0,0.0,-64.43,64.43,0.0,,0.0,0.0,0.0,0,,,,,,,,,,,,,,
dip,1.5,2.0,,,coinbase_50k,8758,1.0,2022-01-01 00:00:00+00:00,2022-12-31 23:00:00+00:00,590.67,-94.09,-94.1,-64.43,-29.67,41.13,-6.67,-94.2,5080.04,50.8,467,49.9,1.239,-2.406,-0.587,-1.142,0.48,8.4,3.0,38.9,44.9,"{'target': 233, 'stop': 233, 'end': 1}",-2.41,3.07,"[-0.754, -0.43]"
dip,1.5,2.0,4800.0,,coinbase_50k,8758,1.0,2022-01-01 00:00:00+00:00,2022-12-31 23:00:00+00:00,10000.0,0.0,0.0,-64.43,64.43,0.0,,0.0,0.0,0.0,0,,,,,,,,,,,,,,
dip,1.5,3.0,,,coinbase_50k,8758,1.0,2022-01-01 00:00:00+00:00,2022-12-31 23:00:00+00:00,1109.55,-88.9,-88.91,-64.43,-24.48,45.34,-4.62,-89.31,5035.46,50.35,382,61.3,1.252,-3.392,-0.547,1.196,0.56,13.4,5.0,31.8,58.3,"{'target': 234, 'stop': 147, 'end': 1}",-3.41,6.38,"[-0.773, -0.312]"
dip,1.5,3.0,4800.0,,coinbase_50k,8758,1.0,2022-01-01 00:00:00+00:00,2022-12-31 23:00:00+00:00,10000.0,0.0,0.0,-64.43,64.43,0.0,,0.0,0.0,0.0,0,,,,,,,,,,,,,,
dip,1.5,5.0,,,coinbase_50k,8758,1.0,2022-01-01 00:00:00+00:00,2022-12-31 23:00:00+00:00,1356.29,-86.44,-86.44,-64.43,-22.01,49.46,-3.79,-87.16,3855.33,38.55,285,71.6,1.215,-5.357,-0.653,1.196,0.54,22.0,7.0,23.8,71.7,"{'target': 204, 'stop': 80, 'end': 1}",-5.4,2.56,"[-1.007, -0.3]"
dip,1.5,5.0,4800.0,,coinbase_50k,8758,1.0,2022-01-01 00:00:00+00:00,2022-12-31 23:00:00+00:00,10000.0,0.0,0.0,-64.43,64.43,0.0,,0.0,0.0,0.0,0,,,,,,,,,,,,,,
dip,2.0,,,,coinbase_50k,8758,1.0,2022-01-01 00:00:00+00:00,2022-12-31 23:00:00+00:00,3523.05,-64.77,-64.78,-64.43,-0.34,64.18,-1.31,-67.39,54.32,0.54,2,50.0,1.694,-65.357,-31.831,-31.831,0.03,4363.5,4363.5,0.2,99.7,"{'target': 1, 'end': 1}",-65.36,1.69,"[None, None]"
dip,2.0,,4800.0,,coinbase_50k,8758,1.0,2022-01-01 00:00:00+00:00,2022-12-31 23:00:00+00:00,10000.0,0.0,0.0,-64.43,64.43,0.0,,0.0,0.0,0.0,0,,,,,,,,,,,,,,
dip,2.0,1.0,,,coinbase_50k,8758,1.0,2022-01-01 00:00:00+00:00,2022-12-31 23:00:00+00:00,451.19,-95.49,-95.49,-64.43,-31.06,36.48,-8.31,-95.57,7219.82,72.2,576,28.3,1.725,-1.415,-0.526,-1.415,0.51,5.5,2.0,48.0,36.0,"{'stop': 413, 'target': 162, 'end': 1}",-1.42,3.07,"[-0.64, -0.404]"
dip,2.0,1.0,4800.0,,coinbase_50k,8758,1.0,2022-01-01 00:00:00+00:00,2022-12-31 23:00:00+00:00,10000.0,0.0,0.0,-64.43,64.43,0.0,,0.0,0.0,0.0,0,,,,,,,,,,,,,,
dip,2.0,2.0,,,coinbase_50k,8758,1.0,2022-01-01 00:00:00+00:00,2022-12-31 23:00:00+00:00,718.28,-92.82,-92.82,-64.43,-28.39,43.56,-5.83,-92.94,5205.03,52.05,431,44.1,1.718,-2.406,-0.588,-2.411,0.54,10.7,4.0,35.9,52.6,"{'stop': 240, 'target': 190, 'end': 1}",-2.41,3.07,"[-0.775, -0.392]"
dip,2.0,2.0,4800.0,,coinbase_50k,8758,1.0,2022-01-01 00:00:00+00:00,2022-12-31 23:00:00+00:00,10000.0,0.0,0.0,-64.43,64.43,0.0,,0.0,0.0,0.0,0,,,,,,,,,,,,,,
dip,2.0,3.0,,,coinbase_50k,8758,1.0,2022-01-01 00:00:00+00:00,2022-12-31 23:00:00+00:00,2177.42,-78.23,-78.23,-64.43,-13.8,48.05,-2.93,-80.24,5915.23,59.15,359,58.5,1.738,-3.392,-0.391,1.694,0.69,15.6,7.0,29.9,64.1,"{'target': 210, 'stop': 148, 'end': 1}",-3.41,6.38,"[-0.647, -0.122]"
dip,2.0,3.0,4800.0,,coinbase_50k,8758,1.0,2022-01-01 00:00:00+00:00,2022-12-31 23:00:00+00:00,10000.0,0.0,0.0,-64.43,64.43,0.0,,0.0,0.0,0.0,0,,,,,,,,,,,,,,
dip,2.0,5.0,,,coinbase_50k,8758,1.0,2022-01-01 00:00:00+00:00,2022-12-31 23:00:00+00:00,1976.14,-80.24,-80.25,-64.43,-15.81,51.84,-2.87,-81.99,3934.44,39.34,253,67.6,1.707,-5.358,-0.583,1.694,0.63,26.8,11.0,21.1,77.6,"{'target': 171, 'stop': 81, 'end': 1}",-5.4,2.56,"[-0.996, -0.201]"
dip,2.0,5.0,4800.0,,coinbase_50k,8758,1.0,2022-01-01 00:00:00+00:00,2022-12-31 23:00:00+00:00,10000.0,0.0,0.0,-64.43,64.43,0.0,,0.0,0.0,0.0,0,,,,,,,,,,,,,,
dip,3.0,,,,coinbase_50k,8758,1.0,2022-01-01 00:00:00+00:00,2022-12-31 23:00:00+00:00,3489.8,-65.1,-65.11,-64.43,-0.67,64.18,-1.32,-67.43,23.72,0.24,1,0.0,,-65.102,-65.102,-65.102,0.0,8729.0,8729.0,0.1,99.7,{'end': 1},-65.1,-65.1,"[None, None]"
dip,3.0,,4800.0,,coinbase_50k,8758,1.0,2022-01-01 00:00:00+00:00,2022-12-31 23:00:00+00:00,10000.0,0.0,0.0,-64.43,64.43,0.0,,0.0,0.0,0.0,0,,,,,,,,,,,,,,
dip,3.0,1.0,,,coinbase_50k,8758,1.0,2022-01-01 00:00:00+00:00,2022-12-31 23:00:00+00:00,648.37,-93.52,-93.52,-64.43,-29.09,41.5,-6.39,-93.64,7647.79,76.48,523,22.2,2.677,-1.415,-0.507,-1.415,0.58,7.6,2.0,43.6,45.2,"{'stop': 407, 'target': 115, 'end': 1}",-1.42,3.07,"[-0.651, -0.368]"
dip,3.0,1.0,4800.0,,coinbase_50k,8758,1.0,2022-01-01 00:00:00+00:00,2022-12-31 23:00:00+00:00,10000.0,0.0,0.0,-64.43,64.43,0.0,,0.0,0.0,0.0,0,,,,,,,,,,,,,,
dip,3.0,2.0,,,coinbase_50k,8758,1.0,2022-01-01 00:00:00+00:00,2022-12-31 23:00:00+00:00,1272.24,-87.28,-87.28,-64.43,-22.85,48.45,-4.01,-87.5,5503.32,55.03,365,36.7,2.695,-2.406,-0.533,-2.411,0.63,14.6,6.0,30.4,61.1,"{'stop': 230, 'target': 134, 'end': 1}",-2.41,3.07,"[-0.785, -0.284]"
dip,3.0,2.0,4800.0,,coinbase_50k,8758,1.0,2022-01-01 00:00:00+00:00,2022-12-31 23:00:00+00:00,10000.0,0.0,0.0,-64.43,64.43,0.0,,0.0,0.0,0.0,0,,,,,,,,,,,,,,
dip,3.0,3.0,,,coinbase_50k,8758,1.0,2022-01-01 00:00:00+00:00,2022-12-31 23:00:00+00:00,1896.62,-81.03,-81.04,-64.43,-16.61,52.03,-2.94,-82.38,4419.31,44.19,276,46.4,2.724,-3.388,-0.554,-3.407,0.65,22.6,9.5,23.0,71.3,"{'stop': 147, 'target': 128, 'end': 1}",-3.41,6.38,"[-0.918, -0.171]"
dip,3.0,3.0,4800.0,,coinbase_50k,8758,1.0,2022-01-01 00:00:00+00:00,2022-12-31 23:00:00+00:00,10000.0,0.0,0.0,-64.43,64.43,0.0,,0.0,0.0,0.0,0,,,,,,,,,,,,,,
dip,3.0,5.0,,,coinbase_50k,8758,1.0,2022-01-01 00:00:00+00:00,2022-12-31 23:00:00+00:00,1870.3,-81.3,-81.3,-64.43,-16.87,55.1,-2.77,-81.7,2983.11,29.83,192,56.8,2.691,-5.358,-0.788,2.691,0.61,37.2,15.0,16.0,81.5,"{'target': 109, 'stop': 82, 'end': 1}",-5.4,2.69,"[-1.361, -0.248]"
dip,3.0,5.0,4800.0,,coinbase_50k,8758,1.0,2022-01-01 00:00:00+00:00,2022-12-31 23:00:00+00:00,10000.0,0.0,0.0,-64.43,64.43,0.0,,0.0,0.0,0.0,0,,,,,,,,,,,,,,
dip,4.0,,,,coinbase_50k,8758,1.0,2022-01-01 00:00:00+00:00,2022-12-31 23:00:00+00:00,3489.8,-65.1,-65.11,-64.43,-0.67,64.18,-1.32,-67.43,23.72,0.24,1,0.0,,-65.102,-65.102,-65.102,0.0,8729.0,8729.0,0.1,99.7,{'end': 1},-65.1,-65.1,"[None, None]"
dip,4.0,,4800.0,,coinbase_50k,8758,1.0,2022-01-01 00:00:00+00:00,2022-12-31 23:00:00+00:00,10000.0,0.0,0.0,-64.43,64.43,0.0,,0.0,0.0,0.0,0,,,,,,,,,,,,,,
dip,4.0,1.0,,,coinbase_50k,8758,1.0,2022-01-01 00:00:00+00:00,2022-12-31 23:00:00+00:00,761.61,-92.38,-92.39,-64.43,-27.96,44.22,-5.6,-92.87,6243.51,62.44,469,17.5,3.652,-1.415,-0.529,-1.415,0.52,9.5,2.0,39.1,51.1,"{'stop': 387, 'target': 81, 'end': 1}",-1.42,3.69,"[-0.703, -0.355]"
dip,4.0,1.0,4800.0,,coinbase_50k,8758,1.0,2022-01-01 00:00:00+00:00,2022-12-31 23:00:00+00:00,10000.0,0.0,0.0,-64.43,64.43,0.0,,0.0,0.0,0.0,0,,,,,,,,,,,,,,
dip,4.0,2.0,,,coinbase_50k,8758,1.0,2022-01-01 00:00:00+00:00,2022-12-31 23:00:00+00:00,1147.21,-88.53,-88.53,-64.43,-24.1,50.14,-4.07,-88.97,4736.59,47.37,303,28.4,3.688,-2.404,-0.675,-2.411,0.6,19.4,9.0,25.3,67.2,"{'stop': 216, 'target': 86, 'end': 1}",-2.41,3.69,"[-0.982, -0.358]"
dip,4.0,2.0,4800.0,,coinbase_50k,8758,1.0,2022-01-01 00:00:00+00:00,2022-12-31 23:00:00+00:00,10000.0,0.0,0.0,-64.43,64.43,0.0,,0.0,0.0,0.0,0,,,,,,,,,,,,,,
dip,4.0,3.0,,,coinbase_50k,8758,1.0,2022-01-01 00:00:00+00:00,2022-12-31 23:00:00+00:00,1545.37,-84.55,-84.55,-64.43,-20.12,54.34,-3.17,-85.15,3452.13,34.52,225,36.9,3.721,-3.391,-0.768,-3.407,0.6,29.9,14.0,18.8,76.8,"{'stop': 141, 'target': 83, 'end': 1}",-3.41,6.38,"[-1.219, -0.292]"
dip,4.0,3.0,4800.0,,coinbase_50k,8758,1.0,2022-01-01 00:00:00+00:00,2022-12-31 23:00:00+00:00,10000.0,0.0,0.0,-64.43,64.43,0.0,,0.0,0.0,0.0,0,,,,,,,,,,,,,,
dip,4.0,5.0,,,coinbase_50k,8758,1.0,2022-01-01 00:00:00+00:00,2022-12-31 23:00:00+00:00,2421.54,-75.78,-75.79,-64.43,-11.36,57.81,-2.16,-77.89,2647.41,26.47,152,50.0,3.688,-5.339,-0.825,1.406,0.64,48.5,26.0,12.7,84.2,"{'target': 76, 'stop': 75, 'end': 1}",-5.4,3.69,"[-1.514, -0.138]"
dip,4.0,5.0,4800.0,,coinbase_50k,8758,1.0,2022-01-01 00:00:00+00:00,2022-12-31 23:00:00+00:00,10000.0,0.0,0.0,-64.43,64.43,0.0,,0.0,0.0,0.0,0,,,,,,,,,,,,,,
dip,5.0,,,,coinbase_50k,8758,1.0,2022-01-01 00:00:00+00:00,2022-12-31 23:00:00+00:00,3489.8,-65.1,-65.11,-64.43,-0.67,64.18,-1.32,-67.43,23.72,0.24,1,0.0,,-65.102,-65.102,-65.102,0.0,8729.0,8729.0,0.1,99.7,{'end': 1},-65.1,-65.1,"[None, None]"
dip,5.0,,4800.0,,coinbase_50k,8758,1.0,2022-01-01 00:00:00+00:00,2022-12-31 23:00:00+00:00,10000.0,0.0,0.0,-64.43,64.43,0.0,,0.0,0.0,0.0,0,,,,,,,,,,,,,,
dip,5.0,1.0,,,coinbase_50k,8758,1.0,2022-01-01 00:00:00+00:00,2022-12-31 23:00:00+00:00,897.95,-91.02,-91.03,-64.43,-26.59,46.57,-4.94,-91.52,7001.25,70.01,436,14.7,4.623,-1.415,-0.529,-1.415,0.59,11.1,2.0,36.3,55.2,"{'stop': 372, 'target': 63, 'end': 1}",-1.42,4.69,"[-0.725, -0.324]"
dip,5.0,1.0,4800.0,,coinbase_50k,8758,1.0,2022-01-01 00:00:00+00:00,2022-12-31 23:00:00+00:00,10000.0,0.0,0.0,-64.43,64.43,0.0,,0.0,0.0,0.0,0,,,,,,,,,,,,,,
dip,5.0,2.0,,,coinbase_50k,8758,1.0,2022-01-01 00:00:00+00:00,2022-12-31 23:00:00+00:00,1363.34,-86.37,-86.37,-64.43,-21.94,52.27,-3.55,-87.26,4176.94,41.77,275,24.4,4.685,-2.404,-0.676,-2.411,0.58,22.8,10.0,22.9,71.6,"{'stop': 207, 'target': 67, 'end': 1}",-2.41,4.69,"[-1.038, -0.304]"
dip,5.0,2.0,4800.0,,coinbase_50k,8758,1.0,2022-01-01 00:00:00+00:00,2022-12-31 23:00:00+00:00,10000.0,0.0,0.0,-64.43,64.43,0.0,,0.0,0.0,0.0,0,,,,,,,,,,,,,,
dip,5.0,3.0,,,coinbase_50k,8758,1.0,2022-01-01 00:00:00+00:00,2022-12-31 23:00:00+00:00,1828.87,-81.71,-81.72,-64.43,-17.28,55.41,-2.79,-82.96,3135.8,31.36,201,32.3,4.712,-3.39,-0.77,-3.407,0.6,35.1,18.0,16.8,80.5,"{'stop': 135, 'target': 65, 'end': 1}",-3.41,6.38,"[-1.283, -0.25]"
dip,5.0,3.0,4800.0,,coinbase_50k,8758,1.0,2022-01-01 00:00:00+00:00,2022-12-31 23:00:00+00:00,10000.0,0.0,0.0,-64.43,64.43,0.0,,0.0,0.0,0.0,0,,,,,,,,,,,,,,
dip,5.0,5.0,,,coinbase_50k,8758,1.0,2022-01-01 00:00:00+00:00,2022-12-31 23:00:00+00:00,1986.1,-80.14,-80.15,-64.43,-15.71,59.15,-2.44,-81.77,2130.26,21.3,134,42.5,4.685,-5.34,-1.075,-5.398,0.58,57.3,30.5,11.2,87.6,"{'stop': 76, 'target': 57, 'end': 1}",-5.4,4.69,"[-1.903, -0.214]"
dip,5.0,5.0,4800.0,,coinbase_50k,8758,1.0,2022-01-01 00:00:00+00:00,2022-12-31 23:00:00+00:00,10000.0,0.0,0.0,-64.43,64.43,0.0,,0.0,0.0,0.0,0,,,,,,,,,,,,,,
zscore,1.0,,,,coinbase_50k,8758,1.0,2022-01-01 00:00:00+00:00,2022-12-31 23:00:00+00:00,3976.49,-60.24,-60.24,-64.43,4.19,63.2,-1.14,-67.23,804.27,8.04,19,94.7,0.749,-65.227,-2.723,0.597,0.19,438.2,7.0,1.6,95.1,"{'target': 18, 'end': 1}",-65.23,2.6,"[-9.796, 0.914]"
zscore,1.0,,4800.0,,coinbase_50k,8758,1.0,2022-01-01 00:00:00+00:00,2022-12-31 23:00:00+00:00,10000.0,0.0,0.0,-64.43,64.43,0.0,,0.0,0.0,0.0,0,,,,,,,,,,,,,,
zscore,1.0,1.0,,,coinbase_50k,8758,1.0,2022-01-01 00:00:00+00:00,2022-12-31 23:00:00+00:00,481.51,-95.18,-95.19,-64.43,-30.76,30.84,-9.68,-95.3,8513.76,85.14,583,44.4,0.736,-1.51,-0.512,-1.513,0.39,3.8,1.0,48.6,25.3,"{'stop': 323, 'target': 259, 'end': 1}",-1.51,6.11,"[-0.609, -0.422]"
zscore,1.0,1.0,4800.0,,coinbase_50k,8758,1.0,2022-01-01 00:00:00+00:00,2022-12-31 23:00:00+00:00,10000.0,0.0,0.0,-64.43,64.43,0.0,,0.0,0.0,0.0,0,,,,,,,,,,,,,,
zscore,1.0,2.0,,,coinbase_50k,8758,1.0,2022-01-01 00:00:00+00:00,2022-12-31 23:00:00+00:00,857.99,-91.42,-91.42,-64.43,-26.99,33.79,-7.1,-91.56,6894.78,68.95,412,59.5,0.725,-2.496,-0.581,0.597,0.43,6.7,3.0,34.3,31.7,"{'target': 245, 'stop': 166, 'end': 1}",-2.51,6.11,"[-0.74, -0.422]"
zscore,1.0,2.0,4800.0,,coinbase_50k,8758,1.0,2022-01-01 00:00:00+00:00,2022-12-31 23:00:00+00:00,10000.0,0.0,0.0,-64.43,64.43,0.0,,0.0,0.0,0.0,0,,,,,,,,,,,,,,
zscore,1.0,3.0,,,coinbase_50k,8758,1.0,2022-01-01 00:00:00+00:00,2022-12-31 23:00:00+00:00,1504.21,-84.96,-84.96,-64.43,-20.53,34.3,-5.35,-85.48,6151.83,61.52,323,69.7,0.709,-3.49,-0.565,0.597,0.45,10.4,4.0,26.9,38.2,"{'target': 225, 'stop': 97, 'end': 1}",-3.5,6.11,"[-0.783, -0.36]"
zscore,1.0,3.0,4800.0,,coinbase_50k,8758,1.0,2022-01-01 00:00:00+00:00,2022-12-31 23:00:00+00:00,10000.0,0.0,0.0,-64.43,64.43,0.0,,0.0,0.0,0.0,0,,,,,,,,,,,,,,
zscore,1.0,5.0,,,coinbase_50k,8758,1.0,2022-01-01 00:00:00+00:00,2022-12-31 23:00:00+00:00,2345.37,-76.55,-76.55,-64.43,-12.12,38.37,-3.59,-77.62,5308.51,53.09,249,79.5,0.709,-5.428,-0.548,0.597,0.48,15.6,4.0,20.8,44.3,"{'target': 198, 'stop': 50, 'end': 1}",-5.49,6.11,"[-0.888, -0.243]"
zscore,1.0,5.0,4800.0,,coinbase_50k,8758,1.0,2022-01-01 00:00:00+00:00,2022-12-31 23:00:00+00:00,10000.0,0.0,0.0,-64.43,64.43,0.0,,0.0,0.0,0.0,0,,,,,,,,,,,,,,
zscore,1.5,,,,coinbase_50k,8758,1.0,2022-01-01 00:00:00+00:00,2022-12-31 23:00:00+00:00,3515.34,-64.85,-64.86,-64.43,-0.42,64.12,-1.31,-67.23,74.15,0.74,2,50.0,1.095,-65.227,-32.066,-32.066,0.02,4333.5,4333.5,0.2,99.0,"{'target': 1, 'end': 1}",-65.23,1.1,"[None, None]"
zscore,1.5,,4800.0,,coinbase_50k,8758,1.0,2022-01-01 00:00:00+00:00,2022-12-31 23:00:00+00:00,10000.0,0.0,0.0,-64.43,64.43,0.0,,0.0,0.0,0.0,0,,,,,,,,,,,,,,
zscore,1.5,1.0,,,coinbase_50k,8758,1.0,2022-01-01 00:00:00+00:00,2022-12-31 23:00:00+00:00,495.15,-95.05,-95.05,-64.43,-30.62,33.08,-8.92,-95.1,8065.91,80.66,517,34.6,1.209,-1.513,-0.571,-1.513,0.44,5.6,2.0,43.1,33.1,"{'stop': 338, 'target': 178, 'end': 1}",-1.51,6.11,"[-0.687, -0.457]"
zscore,1.5,1.0,4800.0,,coinbase_50k,8758,1.0,2022-01-01 00:00:00+00:00,2022-12-31 23:00:00+00:00,10000.0,0.0,0.0,-64.43,64.43,0.0,,0.0,0.0,0.0,0,,,,,,,,,,,,,,
zscore,1.5,2.0,,,coinbase_50k,8758,1.0,2022-01-01 00:00:00+00:00,2022-12-31 23:00:00+00:00,931.31,-90.69,-90.69,-64.43,-26.26,36.36,-6.35,-90.8,6122.73,61.23,348,49.7,1.192,-2.495,-0.662,-1.354,0.47,10.0,4.0,29.0,39.6,"{'stop': 174, 'target': 173, 'end': 1}",-2.51,6.11,"[-0.865, -0.461]"
zscore,1.5,2.0,4800.0,,coinbase_50k,8758,1.0,2022-01-01 00:00:00+00:00,2022-12-31 23:00:00+00:00,10000.0,0.0,0.0,-64.43,64.43,0.0,,0.0,0.0,0.0,0,,,,,,,,,,,,,,
zscore,1.5,3.0,,,coinbase_50k,8758,1.0,2022-01-01 00:00:00+00:00,2022-12-31 23:00:00+00:00,1567.46,-84.33,-84.33,-64.43,-19.9,37.4,-4.77,-84.52,5365.89,53.66,266,60.5,1.173,-3.49,-0.667,1.095,0.51,15.1,5.5,22.2,45.8,"{'target': 161, 'stop': 104, 'end': 1}",-3.5,6.11,"[-0.952, -0.393]"
zscore,1.5,3.0,4800.0,,coinbase_50k,8758,1.0,2022-01-01 00:00:00+00:00,2022-12-31 23:00:00+00:00,10000.0,0.0,0.0,-64.43,64.43,0.0,,0.0,0.0,0.0,0,,,,,,,,,,,,,,
zscore,1.5,5.0,,,coinbase_50k,8758,1.0,2022-01-01 00:00:00+00:00,2022-12-31 23:00:00+00:00,2225.03,-77.75,-77.76,-64.43,-13.32,41.61,-3.4,-78.03,4054.17,40.54,195,71.3,1.178,-5.434,-0.721,1.095,0.5,23.8,9.0,16.3,53.0,"{'target': 139, 'stop': 55, 'end': 1}",-5.49,6.11,"[-1.169, -0.312]"
zscore,1.5,5.0,4800.0,,coinbase_50k,8758,1.0,2022-01-01 00:00:00+00:00,2022-12-31 23:00:00+00:00,10000.0,0.0,0.0,-64.43,64.43,0.0,,0.0,0.0,0.0,0,,,,,,,,,,,,,,
zscore,2.0,,,,coinbase_50k,8758,1.0,2022-01-01 00:00:00+00:00,2022-12-31 23:00:00+00:00,3532.65,-64.67,-64.68,-64.43,-0.25,64.12,-1.3,-67.23,74.39,0.74,2,50.0,1.593,-65.227,-31.817,-31.817,0.02,4341.0,4341.0,0.2,99.1,"{'target': 1, 'end': 1}",-65.23,1.59,"[None, None]"
zscore,2.0,,4800.0,,coinbase_50k,8758,1.0,2022-01-01 00:00:00+00:00,2022-12-31 23:00:00+00:00,10000.0,0.0,0.0,-64.43,64.43,0.0,,0.0,0.0,0.0,0,,,,,,,,,,,,,,
zscore,2.0,1.0,,,coinbase_50k,8758,1.0,2022-01-01 00:00:00+00:00,2022-12-31 23:00:00+00:00,555.29,-94.45,-94.45,-64.43,-30.02,35.22,-8.03,-94.5,7604.31,76.04,485,29.1,1.686,-1.513,-0.583,-1.513,0.46,7.1,2.0,40.4,39.2,"{'stop': 344, 'target': 140, 'end': 1}",-1.51,6.11,"[-0.716, -0.455]"
zscore,2.0,1.0,4800.0,,coinbase_50k,8758,1.0,2022-01-01 00:00:00+00:00,2022-12-31 23:00:00+00:00,10000.0,0.0,0.0,-64.43,64.43,0.0,,0.0,0.0,0.0,0,,,,,,,,,,,,,,
zscore,2.0,2.0,,,coinbase_50k,8758,1.0,2022-01-01 00:00:00+00:00,2022-12-31 23:00:00+00:00,996.68,-90.03,-90.04,-64.43,-25.61,38.88,-5.74,-90.16,5835.05,58.35,323,43.3,1.671,-2.496,-0.689,-2.508,0.51,12.3,5.0,26.9,45.3,"{'stop': 182, 'target': 140, 'end': 1}",-2.51,6.11,"[-0.919, -0.454]"
zscore,2.0,2.0,4800.0,,coinbase_50k,8758,1.0,2022-01-01 00:00:00+00:00,2022-12-31 23:00:00+00:00,10000.0,0.0,0.0,-64.43,64.43,0.0,,0.0,0.0,0.0,0,,,,,,,,,,,,,,
zscore,2.0,3.0,,,coinbase_50k,8758,1.0,2022-01-01 00:00:00+00:00,2022-12-31 23:00:00+00:00,1634.64,-83.65,-83.66,-64.43,-19.23,40.49,-4.27,-83.91,4805.54,48.06,241,53.9,1.655,-3.49,-0.715,1.593,0.53,18.8,8.0,20.1,51.7,"{'target': 130, 'stop': 110, 'end': 1}",-3.5,6.11,"[-1.047, -0.393]"
zscore,2.0,3.0,4800.0,,coinbase_50k,8758,1.0,2022-01-01 00:00:00+00:00,2022-12-31 23:00:00+00:00,10000.0,0.0,0.0,-64.43,64.43,0.0,,0.0,0.0,0.0,0,,,,,,,,,,,,,,
zscore,2.0,5.0,,,coinbase_50k,8758,1.0,2022-01-01 00:00:00+00:00,2022-12-31 23:00:00+00:00,2532.58,-74.67,-74.68,-64.43,-10.25,44.21,-2.89,-75.44,3697.61,36.98,172,66.3,1.654,-5.436,-0.737,1.593,0.55,29.6,11.0,14.3,58.2,"{'target': 114, 'stop': 57, 'end': 1}",-5.49,6.11,"[-1.241, -0.239]"
zscore,2.0,5.0,4800.0,,coinbase_50k,8758,1.0,2022-01-01 00:00:00+00:00,2022-12-31 23:00:00+00:00,10000.0,0.0,0.0,-64.43,64.43,0.0,,0.0,0.0,0.0,0,,,,,,,,,,,,,,
zscore,3.0,,,,coinbase_50k,8758,1.0,2022-01-01 00:00:00+00:00,2022-12-31 23:00:00+00:00,3504.71,-64.95,-64.96,-64.43,-0.53,64.16,-1.31,-67.43,33.72,0.34,1,0.0,,-64.953,-64.953,-64.953,0.0,8713.0,8713.0,0.1,99.5,{'end': 1},-64.95,-64.95,"[None, None]"
zscore,3.0,,4800.0,,coinbase_50k,8758,1.0,2022-01-01 00:00:00+00:00,2022-12-31 23:00:00+00:00,10000.0,0.0,0.0,-64.43,64.43,0.0,,0.0,0.0,0.0,0,,,,,,,,,,,,,,
zscore,3.0,1.0,,,coinbase_50k,8758,1.0,2022-01-01 00:00:00+00:00,2022-12-31 23:00:00+00:00,702.75,-92.97,-92.98,-64.43,-28.55,39.45,-6.53,-93.1,7382.08,73.82,463,23.1,2.627,-1.513,-0.557,-1.513,0.49,9.0,3.0,38.6,47.6,"{'stop': 356, 'target': 106, 'end': 1}",-1.51,6.11,"[-0.711, -0.397]"
zscore,3.0,1.0,4800.0,,coinbase_50k,8758,1.0,2022-01-01 00:00:00+00:00,2022-12-31 23:00:00+00:00,10000.0,0.0,0.0,-64.43,64.43,0.0,,0.0,0.0,0.0,0,,,,,,,,,,,,,,
zscore,3.0,2.0,,,coinbase_50k,8758,1.0,2022-01-01 00:00:00+00:00,2022-12-31 23:00:00+00:00,1355.17,-86.45,-86.45,-64.43,-22.02,43.3,-4.4,-86.8,5651.74,56.52,292,36.0,2.633,-2.496,-0.652,-2.508,0.57,16.8,8.0,24.3,56.2,"{'stop': 186, 'target': 105, 'end': 1}",-2.51,6.11,"[-0.934, -0.368]"
zscore,3.0,2.0,4800.0,,coinbase_50k,8758,1.0,2022-01-01 00:00:00+00:00,2022-12-31 23:00:00+00:00,10000.0,0.0,0.0,-64.43,64.43,0.0,,0.0,0.0,0.0,0,,,,,,,,,,,,,,
zscore,3.0,3.0,,,coinbase_50k,8758,1.0,2022-01-01 00:00:00+00:00,2022-12-31 23:00:00+00:00,2088.31,-79.12,-79.12,-64.43,-14.69,44.75,-3.28,-79.38,4496.46,44.96,209,45.5,2.638,-3.481,-0.7,-3.503,0.59,25.9,12.0,17.4,61.9,"{'stop': 113, 'target': 95, 'end': 1}",-3.5,6.11,"[-1.113, -0.287]"
zscore,3.0,3.0,4800.0,,coinbase_50k,8758,1.0,2022-01-01 00:00:00+00:00,2022-12-31 23:00:00+00:00,10000.0,0.0,0.0,-64.43,64.43,0.0,,0.0,0.0,0.0,0,,,,,,,,,,,,,,
zscore,3.0,5.0,,,coinbase_50k,8758,1.0,2022-01-01 00:00:00+00:00,2022-12-31 23:00:00+00:00,2541.87,-74.58,-74.59,-64.43,-10.15,47.89,-2.62,-75.43,3213.82,32.14,146,56.8,2.632,-5.441,-0.852,2.589,0.59,39.8,19.5,12.2,66.3,"{'target': 83, 'stop': 62, 'end': 1}",-5.49,6.11,"[-1.514, -0.253]"
zscore,3.0,5.0,4800.0,,coinbase_50k,8758,1.0,2022-01-01 00:00:00+00:00,2022-12-31 23:00:00+00:00,10000.0,0.0,0.0,-64.43,64.43,0.0,,0.0,0.0,0.0,0,,,,,,,,,,,,,,
zscore,4.0,,,,coinbase_50k,8758,1.0,2022-01-01 00:00:00+00:00,2022-12-31 23:00:00+00:00,3504.71,-64.95,-64.96,-64.43,-0.53,64.16,-1.31,-67.43,33.72,0.34,1,0.0,,-64.953,-64.953,-64.953,0.0,8713.0,8713.0,0.1,99.5,{'end': 1},-64.95,-64.95,"[None, None]"
zscore,4.0,,4800.0,,coinbase_50k,8758,1.0,2022-01-01 00:00:00+00:00,2022-12-31 23:00:00+00:00,10000.0,0.0,0.0,-64.43,64.43,0.0,,0.0,0.0,0.0,0,,,,,,,,,,,,,,
zscore,4.0,1.0,,,coinbase_50k,8758,1.0,2022-01-01 00:00:00+00:00,2022-12-31 23:00:00+00:00,889.2,-91.11,-91.11,-64.43,-26.68,43.08,-5.4,-91.22,7926.5,79.26,430,19.1,3.585,-1.513,-0.541,-1.513,0.55,11.4,3.0,35.8,55.9,"{'stop': 348, 'target': 81, 'end': 1}",-1.51,6.11,"[-0.733, -0.348]"
zscore,4.0,1.0,4800.0,,coinbase_50k,8758,1.0,2022-01-01 00:00:00+00:00,2022-12-31 23:00:00+00:00,10000.0,0.0,0.0,-64.43,64.43,0.0,,0.0,0.0,0.0,0,,,,,,,,,,,,,,
zscore,4.0,2.0,,,coinbase_50k,8758,1.0,2022-01-01 00:00:00+00:00,2022-12-31 23:00:00+00:00,1500.5,-84.99,-85.0,-64.43,-20.57,47.17,-3.79,-85.3,5574.38,55.74,270,30.4,3.574,-2.508,-0.661,-2.508,0.6,20.5,10.0,22.5,63.3,"{'stop': 188, 'target': 81, 'end': 1}",-2.51,6.11,"[-0.999, -0.319]"
zscore,4.0,2.0,4800.0,,coinbase_50k,8758,1.0,2022-01-01 00:00:00+00:00,2022-12-31 23:00:00+00:00,10000.0,0.0,0.0,-64.43,64.43,0.0,,0.0,0.0,0.0,0,,,,,,,,,,,,,,
zscore,4.0,3.0,,,coinbase_50k,8758,1.0,2022-01-01 00:00:00+00:00,2022-12-31 23:00:00+00:00,2917.69,-70.82,-70.83,-64.43,-6.4,47.98,-2.33,-74.12,4626.53,46.27,193,40.9,3.618,-3.481,-0.575,-3.503,0.67,30.7,17.0,16.1,67.6,"{'stop': 113, 'target': 79, 'end': 1}",-3.5,6.11,"[-1.079, -0.074]"
zscore,4.0,3.0,4800.0,,coinbase_50k,8758,1.0,2022-01-01 00:00:00+00:00,2022-12-31 23:00:00+00:00,10000.0,0.0,0.0,-64.43,64.43,0.0,,0.0,0.0,0.0,0,,,,,,,,,,,,,,
zscore,4.0,5.0,,,coinbase_50k,8758,1.0,2022-01-01 00:00:00+00:00,2022-12-31 23:00:00+00:00,3427.75,-65.72,-65.73,-64.43,-1.3,50.62,-1.86,-67.82,3096.46,30.96,132,52.3,3.622,-5.441,-0.704,3.585,0.66,47.3,26.5,11.0,71.2,"{'target': 69, 'stop': 62, 'end': 1}",-5.49,6.11,"[-1.529, 0.072]"
zscore,4.0,5.0,4800.0,,coinbase_50k,8758,1.0,2022-01-01 00:00:00+00:00,2022-12-31 23:00:00+00:00,10000.0,0.0,0.0,-64.43,64.43,0.0,,0.0,0.0,0.0,0,,,,,,,,,,,,,,
zscore,5.0,,,,coinbase_50k,8758,1.0,2022-01-01 00:00:00+00:00,2022-12-31 23:00:00+00:00,3504.71,-64.95,-64.96,-64.43,-0.53,64.16,-1.31,-67.43,33.72,0.34,1,0.0,,-64.953,-64.953,-64.953,0.0,8713.0,8713.0,0.1,99.5,{'end': 1},-64.95,-64.95,"[None, None]"
zscore,5.0,,4800.0,,coinbase_50k,8758,1.0,2022-01-01 00:00:00+00:00,2022-12-31 23:00:00+00:00,10000.0,0.0,0.0,-64.43,64.43,0.0,,0.0,0.0,0.0,0,,,,,,,,,,,,,,
zscore,5.0,1.0,,,coinbase_50k,8758,1.0,2022-01-01 00:00:00+00:00,2022-12-31 23:00:00+00:00,970.04,-90.3,-90.3,-64.43,-25.87,46.24,-4.81,-90.42,7254.21,72.54,407,16.0,4.536,-1.513,-0.547,-1.513,0.53,13.4,3.0,33.9,62.3,"{'stop': 342, 'target': 64, 'end': 1}",-1.51,6.11,"[-0.761, -0.326]"
zscore,5.0,1.0,4800.0,,coinbase_50k,8758,1.0,2022-01-01 00:00:00+00:00,2022-12-31 23:00:00+00:00,10000.0,0.0,0.0,-64.43,64.43,0.0,,0.0,0.0,0.0,0,,,,,,,,,,,,,,
zscore,5.0,2.0,,,coinbase_50k,8758,1.0,2022-01-01 00:00:00+00:00,2022-12-31 23:00:00+00:00,1906.9,-80.93,-80.94,-64.43,-16.5,49.39,-3.11,-81.85,5640.7,56.41,252,27.0,4.538,-2.508,-0.607,-2.508,0.64,23.9,10.0,21.0,68.7,"{'stop': 184, 'target': 67, 'end': 1}",-2.51,6.11,"[-0.991, -0.23]"
zscore,5.0,2.0,4800.0,,coinbase_50k,8758,1.0,2022-01-01 00:00:00+00:00,2022-12-31 23:00:00+00:00,10000.0,0.0,0.0,-64.43,64.43,0.0,,0.0,0.0,0.0,0,,,,,,,,,,,,,,
zscore,5.0,3.0,,,coinbase_50k,8758,1.0,2022-01-01 00:00:00+00:00,2022-12-31 23:00:00+00:00,2846.85,-71.53,-71.54,-64.43,-7.1,50.69,-2.23,-75.22,3926.09,39.26,174,35.1,4.606,-3.48,-0.645,-3.503,0.64,37.0,19.0,14.5,73.6,"{'stop': 112, 'target': 61, 'end': 1}",-3.5,6.11,"[-1.197, -0.041]"
zscore,5.0,3.0,4800.0,,coinbase_50k,8758,1.0,2022-01-01 00:00:00+00:00,2022-12-31 23:00:00+00:00,10000.0,0.0,0.0,-64.43,64.43,0.0,,0.0,0.0,0.0,0,,,,,,,,,,,,,,
zscore,5.0,5.0,,,coinbase_50k,8758,1.0,2022-01-01 00:00:00+00:00,2022-12-31 23:00:00+00:00,3171.65,-68.28,-68.29,-64.43,-3.86,53.71,-1.87,-69.74,2800.19,28.0,118,45.8,4.609,-5.442,-0.842,-5.493,0.64,56.9,34.0,9.8,76.7,"{'stop': 63, 'target': 54, 'end': 1}",-5.49,6.11,"[-1.709, 0.023]"
zscore,5.0,5.0,4800.0,,coinbase_50k,8758,1.0,2022-01-01 00:00:00+00:00,2022-12-31 23:00:00+00:00,10000.0,0.0,0.0,-64.43,64.43,0.0,,0.0,0.0,0.0,0,,,,,,,,,,,,,,
rsi,1.0,,,,coinbase_50k,8758,1.0,2022-01-01 00:00:00+00:00,2022-12-31 23:00:00+00:00,3925.74,-60.74,-60.75,-64.43,3.68,61.14,-1.22,-65.21,490.89,4.91,12,91.7,0.617,-63.312,-4.71,0.597,0.1,642.2,6.0,1.0,88.0,"{'target': 11, 'end': 1}",-63.31,0.76,"[-15.375, 0.639]"
rsi,1.0,,4800.0,,coinbase_50k,8758,1.0,2022-01-01 00:00:00+00:00,2022-12-31 23:00:00+00:00,10000.0,0.0,0.0,-64.43,64.43,0.0,,0.0,0.0,0.0,0,,,,,,,,,,,,,,
rsi,1.0,1.0,,,coinbase_50k,8758,1.0,2022-01-01 00:00:00+00:00,2022-12-31 23:00:00+00:00,1712.83,-82.87,-82.88,-64.43,-18.44,21.9,-7.95,-83.27,5527.05,55.27,274,38.7,0.757,-1.513,-0.635,-1.513,0.27,2.7,1.0,22.8,8.4,"{'stop': 168, 'target': 106}",-1.51,4.44,"[-0.779, -0.494]"
rsi,1.0,1.0,4800.0,,coinbase_50k,8758,1.0,2022-01-01 00:00:00+00:00,2022-12-31 23:00:00+00:00,10000.0,0.0,0.0,-64.43,64.43,0.0,,0.0,0.0,0.0,0,,,,,,,,,,,,,,
rsi,1.0,2.0,,,coinbase_50k,8758,1.0,2022-01-01 00:00:00+00:00,2022-12-31 23:00:00+00:00,2298.16,-77.02,-77.03,-64.43,-12.59,23.98,-6.01,-77.89,4303.75,43.04,192,53.6,0.772,-2.508,-0.749,0.597,0.32,5.3,2.0,16.0,11.7,"{'target': 103, 'stop': 89}",-2.51,4.44,"[-0.989, -0.506]"
rsi,1.0,2.0,4800.0,,coinbase_50k,8758,1.0,2022-01-01 00:00:00+00:00,2022-12-31 23:00:00+00:00,10000.0,0.0,0.0,-64.43,64.43,0.0,,0.0,0.0,0.0,0,,,,,,,,,,,,,,
rsi,1.0,3.0,,,coinbase_50k,8758,1.0,2022-01-01 00:00:00+00:00,2022-12-31 23:00:00+00:00,2462.58,-75.37,-75.38,-64.43,-10.95,25.77,-5.31,-75.72,3510.69,35.11,153,61.4,0.728,-3.467,-0.89,0.597,0.31,8.5,3.0,12.8,14.8,"{'target': 94, 'stop': 58, 'end': 1}",-3.5,4.44,"[-1.21, -0.56]"
rsi,1.0,3.0,4800.0,,coinbase_50k,8758,1.0,2022-01-01 00:00:00+00:00,2022-12-31 23:00:00+00:00,10000.0,0.0,0.0,-64.43,64.43,0.0,,0.0,0.0,0.0,0,,,,,,,,,,,,,,
rsi,1.0,5.0,,,coinbase_50k,8758,1.0,2022-01-01 00:00:00+00:00,2022-12-31 23:00:00+00:00,3046.39,-69.54,-69.54,-64.43,-5.11,28.76,-3.99,-71.29,2556.54,25.57,113,71.7,0.744,-5.432,-1.005,0.597,0.31,16.5,3.0,9.4,21.3,"{'target': 81, 'stop': 31, 'end': 1}",-5.49,5.19,"[-1.538, -0.497]"
rsi,1.0,5.0,4800.0,,coinbase_50k,8758,1.0,2022-01-01 00:00:00+00:00,2022-12-31 23:00:00+00:00,10000.0,0.0,0.0,-64.43,64.43,0.0,,0.0,0.0,0.0,0,,,,,,,,,,,,,,
rsi,1.5,,,,coinbase_50k,8758,1.0,2022-01-01 00:00:00+00:00,2022-12-31 23:00:00+00:00,4072.42,-59.28,-59.28,-64.43,5.15,61.22,-1.16,-65.64,459.62,4.6,11,90.9,1.095,-63.478,-4.775,1.095,0.16,702.3,11.0,0.9,88.2,"{'target': 10, 'end': 1}",-63.48,1.1,"[-16.516, 1.095]"
rsi,1.5,,4800.0,,coinbase_50k,8758,1.0,2022-01-01 00:00:00+00:00,2022-12-31 23:00:00+00:00,10000.0,0.0,0.0,-64.43,64.43,0.0,,0.0,0.0,0.0,0,,,,,,,,,,,,,,
rsi,1.5,1.0,,,coinbase_50k,8758,1.0,2022-01-01 00:00:00+00:00,2022-12-31 23:00:00+00:00,1650.38,-83.5,-83.5,-64.43,-19.07,23.39,-7.59,-84.03,5411.03,54.11,254,29.5,1.229,-1.506,-0.699,-1.513,0.32,4.6,1.0,21.2,13.3,"{'stop': 178, 'target': 75, 'end': 1}",-1.51,4.44,"[-0.854, -0.536]"
rsi,1.5,1.0,4800.0,,coinbase_50k,8758,1.0,2022-01-01 00:00:00+00:00,2022-12-31 23:00:00+00:00,10000.0,0.0,0.0,-64.43,64.43,0.0,,0.0,0.0,0.0,0,,,,,,,,,,,,,,
rsi,1.5,2.0,,,coinbase_50k,8758,1.0,2022-01-01 00:00:00+00:00,2022-12-31 23:00:00+00:00,2508.86,-74.91,-74.92,-64.43,-10.48,26.4,-5.11,-75.94,4319.34,43.19,178,46.6,1.251,-2.508,-0.755,-2.508,0.42,7.9,3.0,14.8,16.1,"{'stop': 95, 'target': 82, 'end': 1}",-2.51,4.44,"[-1.023, -0.483]"
rsi,1.5,2.0,4800.0,,coinbase_50k,8758,1.0,2022-01-01 00:00:00+00:00,2022-12-31 23:00:00+00:00,10000.0,0.0,0.0,-64.43,64.43,0.0,,0.0,0.0,0.0,0,,,,,,,,,,,,,,
rsi,1.5,3.0,,,coinbase_50k,8758,1.0,2022-01-01 00:00:00+00:00,2022-12-31 23:00:00+00:00,2765.21,-72.35,-72.36,-64.43,-7.92,27.78,-4.49,-73.28,3414.67,34.15,139,55.4,1.181,-3.469,-0.893,1.095,0.4,11.7,4.0,11.6,18.6,"{'target': 77, 'stop': 61, 'end': 1}",-3.5,4.44,"[-1.273, -0.514]"
rsi,1.5,3.0,4800.0,,coinbase_50k,8758,1.0,2022-01-01 00:00:00+00:00,2022-12-31 23:00:00+00:00,10000.0,0.0,0.0,-64.43,64.43,0.0,,0.0,0.0,0.0,0,,,,,,,,,,,,,,
rsi,1.5,5.0,,,coinbase_50k,8758,1.0,2022-01-01 00:00:00+00:00,2022-12-31 23:00:00+00:00,3078.94,-69.21,-69.22,-64.43,-4.78,29.56,-3.84,-71.02,2423.08,24.23,100,65.0,1.207,-5.437,-1.118,1.095,0.38,20.5,7.0,8.3,23.4,"{'target': 65, 'stop': 34, 'end': 1}",-5.49,5.19,"[-1.752, -0.486]"
rsi,1.5,5.0,4800.0,,coinbase_50k,8758,1.0,2022-01-01 00:00:00+00:00,2022-12-31 23:00:00+00:00,10000.0,0.0,0.0,-64.43,64.43,0.0,,0.0,0.0,0.0,0,,,,,,,,,,,,,,
rsi,2.0,,,,coinbase_50k,8758,1.0,2022-01-01 00:00:00+00:00,2022-12-31 23:00:00+00:00,4277.54,-57.22,-57.23,-64.43,7.2,61.68,-1.07,-65.64,472.0,4.72,11,90.9,1.593,-63.478,-4.323,1.593,0.23,711.0,22.0,0.9,89.3,"{'target': 10, 'end': 1}",-63.48,1.59,"[-16.154, 1.593]"
rsi,2.0,,4800.0,,coinbase_50k,8758,1.0,2022-01-01 00:00:00+00:00,2022-12-31 23:00:00+00:00,10000.0,0.0,0.0,-64.43,64.43,0.0,,0.0,0.0,0.0,0,,,,,,,,,,,,,,
rsi,2.0,1.0,,,coinbase_50k,8758,1.0,2022-01-01 00:00:00+00:00,2022-12-31 23:00:00+00:00,1497.26,-85.03,-85.03,-64.43,-20.6,25.02,-7.47,-85.33,5023.96,50.24,246,23.2,1.718,-1.507,-0.759,-1.513,0.31,6.3,2.0,20.5,17.6,"{'stop': 188, 'target': 57, 'end': 1}",-1.51,4.44,"[-0.93, -0.579]"
rsi,2.0,1.0,4800.0,,coinbase_50k,8758,1.0,2022-01-01 00:00:00+00:00,2022-12-31 23:00:00+00:00,10000.0,0.0,0.0,-64.43,64.43,0.0,,0.0,0.0,0.0,0,,,,,,,,,,,,,,
rsi,2.0,2.0,,,coinbase_50k,8758,1.0,2022-01-01 00:00:00+00:00,2022-12-31 23:00:00+00:00,2466.5,-75.34,-75.34,-64.43,-10.91,28.84,-4.71,-76.29,4310.47,43.1,173,40.5,1.735,-2.495,-0.784,-2.508,0.46,10.8,4.0,14.4,21.3,"{'stop': 102, 'target': 70, 'end': 1}",-2.51,4.44,"[-1.095, -0.463]"
rsi,2.0,2.0,4800.0,,coinbase_50k,8758,1.0,2022-01-01 00:00:00+00:00,2022-12-31 23:00:00+00:00,10000.0,0.0,0.0,-64.43,64.43,0.0,,0.0,0.0,0.0,0,,,,,,,,,,,,,,
rsi,2.0,3.0,,,coinbase_50k,8758,1.0,2022-01-01 00:00:00+00:00,2022-12-31 23:00:00+00:00,2886.64,-71.13,-71.14,-64.43,-6.71,30.12,-3.98,-72.69,3260.43,32.6,132,50.0,1.661,-3.468,-0.903,0.219,0.45,15.9,5.0,11.0,24.0,"{'target': 66, 'stop': 65, 'end': 1}",-3.5,4.44,"[-1.331, -0.464]"
rsi,2.0,3.0,4800.0,,coinbase_50k,8758,1.0,2022-01-01 00:00:00+00:00,2022-12-31 23:00:00+00:00,10000.0,0.0,0.0,-64.43,64.43,0.0,,0.0,0.0,0.0,0,,,,,,,,,,,,,,
rsi,2.0,5.0,,,coinbase_50k,8758,1.0,2022-01-01 00:00:00+00:00,2022-12-31 23:00:00+00:00,3415.57,-65.84,-65.85,-64.43,-1.42,32.17,-3.18,-68.87,2460.84,24.61,97,61.9,1.674,-5.44,-1.039,1.593,0.46,23.6,11.0,8.1,26.1,"{'target': 60, 'stop': 36, 'end': 1}",-5.49,5.19,"[-1.722, -0.359]"
rsi,2.0,5.0,4800.0,,coinbase_50k,8758,1.0,2022-01-01 00:00:00+00:00,2022-12-31 23:00:00+00:00,10000.0,0.0,0.0,-64.43,64.43,0.0,,0.0,0.0,0.0,0,,,,,,,,,,,,,,
rsi,3.0,,,,coinbase_50k,8758,1.0,2022-01-01 00:00:00+00:00,2022-12-31 23:00:00+00:00,3943.29,-60.57,-60.58,-64.43,3.86,63.68,-1.14,-65.64,161.02,1.61,4,75.0,2.589,-63.478,-13.928,2.589,0.12,2117.2,987.5,0.3,96.7,"{'target': 3, 'end': 1}",-63.48,2.59,"[None, None]"
rsi,3.0,,4800.0,,coinbase_50k,8758,1.0,2022-01-01 00:00:00+00:00,2022-12-31 23:00:00+00:00,10000.0,0.0,0.0,-64.43,64.43,0.0,,0.0,0.0,0.0,0,,,,,,,,,,,,,,
rsi,3.0,1.0,,,coinbase_50k,8758,1.0,2022-01-01 00:00:00+00:00,2022-12-31 23:00:00+00:00,1700.4,-83.0,-83.0,-64.43,-18.57,27.54,-6.3,-84.23,4936.75,49.37,242,19.0,2.653,-1.507,-0.716,-1.513,0.36,7.4,2.0,20.2,20.6,"{'stop': 195, 'target': 46, 'end': 1}",-1.51,4.44,"[-0.921, -0.507]"
rsi,3.0,1.0,4800.0,,coinbase_50k,8758,1.0,2022-01-01 00:00:00+00:00,2022-12-31 23:00:00+00:00,10000.0,0.0,0.0,-64.43,64.43,0.0,,0.0,0.0,0.0,0,,,,,,,,,,,,,,
rsi,3.0,2.0,,,coinbase_50k,8758,1.0,2022-01-01 00:00:00+00:00,2022-12-31 23:00:00+00:00,2571.55,-74.28,-74.29,-64.43,-9.86,31.86,-4.1,-76.08,4033.76,40.34,164,32.9,2.67,-2.496,-0.795,-2.508,0.5,14.5,5.0,13.7,27.2,"{'stop': 109, 'target': 54, 'end': 1}",-2.51,4.44,"[-1.164, -0.413]"
rsi,3.0,2.0,4800.0,,coinbase_50k,8758,1.0,2022-01-01 00:00:00+00:00,2022-12-31 23:00:00+00:00,10000.0,0.0,0.0,-64.43,64.43,0.0,,0.0,0.0,0.0,0,,,,,,,,,,,,,,
rsi,3.0,3.0,,,coinbase_50k,8758,1.0,2022-01-01 00:00:00+00:00,2022-12-31 23:00:00+00:00,2902.33,-70.98,-70.98,-64.43,-6.55,34.51,-3.41,-73.84,3025.03,30.25,122,41.0,2.648,-3.47,-0.963,-3.503,0.49,24.6,11.0,10.2,34.2,"{'stop': 71, 'target': 50, 'end': 1}",-3.5,4.44,"[-1.505, -0.409]"
rsi,3.0,3.0,4800.0,,coinbase_50k,8758,1.0,2022-01-01 00:00:00+00:00,2022-12-31 23:00:00+00:00,10000.0,0.0,0.0,-64.43,64.43,0.0,,0.0,0.0,0.0,0,,,,,,,,,,,,,,
rsi,3.0,5.0,,,coinbase_50k,8758,1.0,2022-01-01 00:00:00+00:00,2022-12-31 23:00:00+00:00,3162.93,-68.37,-68.38,-64.43,-3.94,36.92,-2.93,-72.58,2042.34,20.42,88,52.3,2.646,-5.446,-1.216,2.589,0.46,35.6,16.0,7.3,35.8,"{'target': 46, 'stop': 41, 'end': 1}",-5.49,5.19,"[-2.076, -0.349]"
rsi,3.0,5.0,4800.0,,coinbase_50k,8758,1.0,2022-01-01 00:00:00+00:00,2022-12-31 23:00:00+00:00,10000.0,0.0,0.0,-64.43,64.43,0.0,,0.0,0.0,0.0,0,,,,,,,,,,,,,,
rsi,4.0,,,,coinbase_50k,8758,1.0,2022-01-01 00:00:00+00:00,2022-12-31 23:00:00+00:00,3728.72,-62.71,-62.72,-64.43,1.71,64.01,-1.22,-66.72,75.68,0.76,2,50.0,3.585,-64.003,-30.209,-30.209,0.05,4299.5,4299.5,0.2,98.2,"{'target': 1, 'end': 1}",-64.0,3.59,"[None, None]"
rsi,4.0,,4800.0,,coinbase_50k,8758,1.0,2022-01-01 00:00:00+00:00,2022-12-31 23:00:00+00:00,10000.0,0.0,0.0,-64.43,64.43,0.0,,0.0,0.0,0.0,0,,,,,,,,,,,,,,
rsi,4.0,1.0,,,coinbase_50k,8758,1.0,2022-01-01 00:00:00+00:00,2022-12-31 23:00:00+00:00,1787.79,-82.12,-82.13,-64.43,-17.7,29.92,-5.61,-83.41,4867.25,48.67,237,16.0,3.518,-1.513,-0.707,-1.513,0.37,9.2,2.0,19.8,24.9,"{'stop': 199, 'target': 37, 'end': 1}",-1.51,4.44,"[-0.947, -0.459]"
rsi,4.0,1.0,4800.0,,coinbase_50k,8758,1.0,2022-01-01 00:00:00+00:00,2022-12-31 23:00:00+00:00,10000.0,0.0,0.0,-64.43,64.43,0.0,,0.0,0.0,0.0,0,,,,,,,,,,,,,,
rsi,4.0,2.0,,,coinbase_50k,8758,1.0,2022-01-01 00:00:00+00:00,2022-12-31 23:00:00+00:00,2222.37,-77.78,-77.78,-64.43,-13.35,35.22,-4.09,-79.82,3714.58,37.15,161,26.7,3.536,-2.508,-0.894,-2.508,0.47,17.4,6.0,13.4,32.1,"{'stop': 118, 'target': 42, 'end': 1}",-2.51,4.44,"[-1.297, -0.471]"
rsi,4.0,2.0,4800.0,,coinbase_50k,8758,1.0,2022-01-01 00:00:00+00:00,2022-12-31 23:00:00+00:00,10000.0,0.0,0.0,-64.43,64.43,0.0,,0.0,0.0,0.0,0,,,,,,,,,,,,,,
rsi,4.0,3.0,,,coinbase_50k,8758,1.0,2022-01-01 00:00:00+00:00,2022-12-31 23:00:00+00:00,2729.45,-72.71,-72.71,-64.43,-8.28,37.3,-3.3,-76.14,2666.12,26.66,115,33.9,3.608,-3.465,-1.067,-3.503,0.47,29.3,12.0,9.6,38.5,"{'stop': 75, 'target': 39, 'end': 1}",-3.5,4.44,"[-1.676, -0.475]"
rsi,4.0,3.0,4800.0,,coinbase_50k,8758,1.0,2022-01-01 00:00:00+00:00,2022-12-31 23:00:00+00:00,10000.0,0.0,0.0,-64.43,64.43,0.0,,0.0,0.0,0.0,0,,,,,,,,,,,,,,
rsi,4.0,5.0,,,coinbase_50k,8758,1.0,2022-01-01 00:00:00+00:00,2022-12-31 23:00:00+00:00,4241.81,-57.58,-57.59,-64.43,6.85,39.51,-1.97,-64.15,2106.74,21.07,84,50.0,3.623,-5.446,-0.912,0.02,0.58,43.3,21.0,7.0,41.6,"{'target': 42, 'stop': 41, 'end': 1}",-5.49,5.19,"[-1.865, 0.019]"
rsi,4.0,5.0,4800.0,,coinbase_50k,8758,1.0,2022-01-01 00:00:00+00:00,2022-12-31 23:00:00+00:00,10000.0,0.0,0.0,-64.43,64.43,0.0,,0.0,0.0,0.0,0,,,,,,,,,,,,,,
rsi,5.0,,,,coinbase_50k,8758,1.0,2022-01-01 00:00:00+00:00,2022-12-31 23:00:00+00:00,3764.58,-62.35,-62.36,-64.43,2.07,64.01,-1.21,-66.72,76.16,0.76,2,50.0,4.581,-64.003,-29.711,-29.711,0.07,4309.0,4309.0,0.2,98.4,"{'target': 1, 'end': 1}",-64.0,4.58,"[None, None]"
rsi,5.0,,4800.0,,coinbase_50k,8758,1.0,2022-01-01 00:00:00+00:00,2022-12-31 23:00:00+00:00,10000.0,0.0,0.0,-64.43,64.43,0.0,,0.0,0.0,0.0,0,,,,,,,,,,,,,,
rsi,5.0,1.0,,,coinbase_50k,8758,1.0,2022-01-01 00:00:00+00:00,2022-12-31 23:00:00+00:00,1899.35,-81.01,-81.01,-64.43,-16.58,32.45,-4.96,-82.87,4743.82,47.44,236,14.0,4.446,-1.513,-0.68,-1.513,0.38,11.0,2.0,19.7,29.7,"{'stop': 203, 'target': 32, 'end': 1}",-1.51,4.58,"[-0.964, -0.422]"
rsi,5.0,1.0,4800.0,,coinbase_50k,8758,1.0,2022-01-01 00:00:00+00:00,2022-12-31 23:00:00+00:00,10000.0,0.0,0.0,-64.43,64.43,0.0,,0.0,0.0,0.0,0,,,,,,,,,,,,,,
rsi,5.0,2.0,,,coinbase_50k,8758,1.0,2022-01-01 00:00:00+00:00,2022-12-31 23:00:00+00:00,1799.29,-82.01,-82.01,-64.43,-17.58,38.11,-4.31,-84.05,3168.15,31.68,157,21.0,4.446,-2.508,-1.046,-2.508,0.4,20.4,6.0,13.1,36.6,"{'stop': 124, 'target': 32, 'end': 1}",-2.51,4.58,"[-1.47, -0.567]"
rsi,5.0,2.0,4800.0,,coinbase_50k,8758,1.0,2022-01-01 00:00:00+00:00,2022-12-31 23:00:00+00:00,10000.0,0.0,0.0,-64.43,64.43,0.0,,0.0,0.0,0.0,0,,,,,,,,,,,,,,
rsi,5.0,3.0,,,coinbase_50k,8758,1.0,2022-01-01 00:00:00+00:00,2022-12-31 23:00:00+00:00,2699.32,-73.01,-73.01,-64.43,-8.58,39.3,-3.14,-76.5,2592.14,25.92,112,29.5,4.581,-3.467,-1.095,-3.503,0.48,31.7,14.0,9.3,40.6,"{'stop': 78, 'target': 33, 'end': 1}",-3.5,4.58,"[-1.745, -0.394]"
rsi,5.0,3.0,4800.0,,coinbase_50k,8758,1.0,2022-01-01 00:00:00+00:00,2022-12-31 23:00:00+00:00,10000.0,0.0,0.0,-64.43,64.43,0.0,,0.0,0.0,0.0,0,,,,,,,,,,,,,,
rsi,5.0,5.0,,,coinbase_50k,8758,1.0,2022-01-01 00:00:00+00:00,2022-12-31 23:00:00+00:00,3308.63,-66.91,-66.92,-64.43,-2.49,43.83,-2.3,-72.12,1801.81,18.02,81,42.0,4.599,-5.451,-1.233,-5.493,0.5,51.1,31.0,6.8,47.3,"{'stop': 46, 'target': 34, 'end': 1}",-5.49,5.19,"[-2.259, -0.145]"
rsi,5.0,5.0,4800.0,,coinbase_50k,8758,1.0,2022-01-01 00:00:00+00:00,2022-12-31 23:00:00+00:00,10000.0,0.0,0.0,-64.43,64.43,0.0,,0.0,0.0,0.0,0,,,,,,,,,,,,,,
breakout,1.0,,,,coinbase_50k,8758,1.0,2022-01-01 00:00:00+00:00,2022-12-31 23:00:00+00:00,3438.39,-65.62,-65.62,-64.43,-1.19,64.2,-1.34,-67.43,33.56,0.34,1,0.0,,-65.616,-65.616,-65.616,0.0,8739.0,8739.0,0.1,99.8,{'end': 1},-65.62,-65.62,"[None, None]"
breakout,1.0,,4800.0,,coinbase_50k,8758,1.0,2022-01-01 00:00:00+00:00,2022-12-31 23:00:00+00:00,10000.0,0.0,0.0,-64.43,64.43,0.0,,0.0,0.0,0.0,0,,,,,,,,,,,,,,
breakout,1.0,1.0,,,coinbase_50k,8758,1.0,2022-01-01 00:00:00+00:00,2022-12-31 23:00:00+00:00,3102.07,-68.98,-68.99,-64.43,-4.55,17.68,-6.53,-68.98,5808.22,58.08,207,42.0,0.762,-1.513,-0.557,-1.513,0.38,4.0,1.0,17.3,9.4,"{'stop': 120, 'target': 87}",-1.51,4.31,"[-0.712, -0.401]"
breakout,1.0,1.0,4800.0,,coinbase_50k,8758,1.0,2022-01-01 00:00:00+00:00,2022-12-31 23:00:00+00:00,10000.0,0.0,0.0,-64.43,64.43,0.0,,0.0,0.0,0.0,0,,,,,,,,,,,,,,
breakout,1.0,2.0,,,coinbase_50k,8758,1.0,2022-01-01 00:00:00+00:00,2022-12-31 23:00:00+00:00,2687.56,-73.12,-73.13,-64.43,-8.7,22.7,-5.68,-73.12,5101.46,51.01,199,57.8,0.716,-2.508,-0.645,0.597,0.4,9.1,3.0,16.6,20.6,"{'target': 115, 'stop': 84}",-2.51,4.31,"[-0.87, -0.425]"
breakout,1.0,2.0,4800.0,,coinbase_50k,8758,1.0,2022-01-01 00:00:00+00:00,2022-12-31 23:00:00+00:00,10000.0,0.0,0.0,-64.43,64.43,0.0,,0.0,0.0,0.0,0,,,,,,,,,,,,,,
breakout,1.0,3.0,,,coinbase_50k,8758,1.0,2022-01-01 00:00:00+00:00,2022-12-31 23:00:00+00:00,2675.48,-73.25,-73.25,-64.43,-8.82,26.89,-4.77,-73.25,4559.45,45.59,190,67.4,0.7,-3.503,-0.671,0.597,0.41,14.6,5.0,15.8,31.7,"{'target': 128, 'stop': 62}",-3.5,4.31,"[-0.959, -0.387]"
breakout,1.0,3.0,4800.0,,coinbase_50k,8758,1.0,2022-01-01 00:00:00+00:00,2022-12-31 23:00:00+00:00,10000.0,0.0,0.0,-64.43,64.43,0.0,,0.0,0.0,0.0,0,,,,,,,,,,,,,,
breakout,1.0,5.0,,,coinbase_50k,8758,1.0,2022-01-01 00:00:00+00:00,2022-12-31 23:00:00+00:00,3174.04,-68.26,-68.27,-64.43,-3.83,32.88,-3.33,-68.41,4473.48,44.73,170,78.2,0.69,-5.418,-0.639,0.597,0.46,22.2,8.0,14.2,43.1,"{'target': 133, 'stop': 36, 'end': 1}",-5.49,4.31,"[-1.024, -0.276]"
breakout,1.0,5.0,4800.0,,coinbase_50k,8758,1.0,2022-01-01 00:00:00+00:00,2022-12-31 23:00:00+00:00,10000.0,0.0,0.0,-64.43,64.43,0.0,,0.0,0.0,0.0,0,,,,,,,,,,,,,,
breakout,1.5,,,,coinbase_50k,8758,1.0,2022-01-01 00:00:00+00:00,2022-12-31 23:00:00+00:00,3438.39,-65.62,-65.62,-64.43,-1.19,64.2,-1.34,-67.43,33.56,0.34,1,0.0,,-65.616,-65.616,-65.616,0.0,8739.0,8739.0,0.1,99.8,{'end': 1},-65.62,-65.62,"[None, None]"
breakout,1.5,,4800.0,,coinbase_50k,8758,1.0,2022-01-01 00:00:00+00:00,2022-12-31 23:00:00+00:00,10000.0,0.0,0.0,-64.43,64.43,0.0,,0.0,0.0,0.0,0,,,,,,,,,,,,,,
breakout,1.5,1.0,,,coinbase_50k,8758,1.0,2022-01-01 00:00:00+00:00,2022-12-31 23:00:00+00:00,3313.46,-66.87,-66.87,-64.43,-2.44,19.37,-5.61,-66.87,5453.64,54.54,192,34.9,1.205,-1.513,-0.565,-1.513,0.43,5.2,2.0,16.0,11.4,"{'stop': 125, 'target': 67}",-1.51,4.31,"[-0.753, -0.379]"
breakout,1.5,1.0,4800.0,,coinbase_50k,8758,1.0,2022-01-01 00:00:00+00:00,2022-12-31 23:00:00+00:00,10000.0,0.0,0.0,-64.43,64.43,0.0,,0.0,0.0,0.0,0,,,,,,,,,,,,,,
breakout,1.5,2.0,,,coinbase_50k,8758,1.0,2022-01-01 00:00:00+00:00,2022-12-31 23:00:00+00:00,2805.17,-71.95,-71.96,-64.43,-7.52,24.98,-4.96,-71.95,4795.29,47.95,180,49.4,1.177,-2.508,-0.686,-2.508,0.47,11.7,6.0,15.0,24.0,"{'stop': 91, 'target': 89}",-2.51,4.31,"[-0.96, -0.426]"
breakout,1.5,2.0,4800.0,,coinbase_50k,8758,1.0,2022-01-01 00:00:00+00:00,2022-12-31 23:00:00+00:00,10000.0,0.0,0.0,-64.43,64.43,0.0,,0.0,0.0,0.0,0,,,,,,,,,,,,,,
breakout,1.5,3.0,,,coinbase_50k,8758,1.0,2022-01-01 00:00:00+00:00,2022-12-31 23:00:00+00:00,2470.64,-75.29,-75.3,-64.43,-10.87,29.36,-4.62,-75.29,3800.8,38.01,169,58.0,1.164,-3.503,-0.797,1.095,0.43,17.4,9.0,14.1,33.6,"{'target': 98, 'stop': 71}",-3.5,4.31,"[-1.137, -0.452]"
breakout,1.5,3.0,4800.0,,coinbase_50k,8758,1.0,2022-01-01 00:00:00+00:00,2022-12-31 23:00:00+00:00,10000.0,0.0,0.0,-64.43,64.43,0.0,,0.0,0.0,0.0,0,,,,,,,,,,,,,,
breakout,1.5,5.0,,,coinbase_50k,8758,1.0,2022-01-01 00:00:00+00:00,2022-12-31 23:00:00+00:00,2534.62,-74.65,-74.66,-64.43,-10.23,36.54,-3.57,-75.23,3626.21,36.26,150,69.3,1.158,-5.43,-0.863,1.095,0.48,27.7,14.0,12.5,47.5,"{'target': 104, 'stop': 45, 'end': 1}",-5.49,4.31,"[-1.345, -0.388]"
breakout,1.5,5.0,4800.0,,coinbase_50k,8758,1.0,2022-01-01 00:00:00+00:00,2022-12-31 23:00:00+00:00,10000.0,0.0,0.0,-64.43,64.43,0.0,,0.0,0.0,0.0,0,,,,,,,,,,,,,,
breakout,2.0,,,,coinbase_50k,8758,1.0,2022-01-01 00:00:00+00:00,2022-12-31 23:00:00+00:00,3438.39,-65.62,-65.62,-64.43,-1.19,64.2,-1.34,-67.43,33.56,0.34,1,0.0,,-65.616,-65.616,-65.616,0.0,8739.0,8739.0,0.1,99.8,{'end': 1},-65.62,-65.62,"[None, None]"
breakout,2.0,,4800.0,,coinbase_50k,8758,1.0,2022-01-01 00:00:00+00:00,2022-12-31 23:00:00+00:00,10000.0,0.0,0.0,-64.43,64.43,0.0,,0.0,0.0,0.0,0,,,,,,,,,,,,,,
breakout,2.0,1.0,,,coinbase_50k,8758,1.0,2022-01-01 00:00:00+00:00,2022-12-31 23:00:00+00:00,3667.88,-63.32,-63.33,-64.43,1.11,20.4,-4.82,-63.32,5441.36,54.41,176,30.1,1.661,-1.513,-0.557,-1.513,0.48,6.7,3.0,14.7,13.4,"{'stop': 123, 'target': 53}",-1.51,4.31,"[-0.771, -0.331]"
breakout,2.0,1.0,4800.0,,coinbase_50k,8758,1.0,2022-01-01 00:00:00+00:00,2022-12-31 23:00:00+00:00,10000.0,0.0,0.0,-64.43,64.43,0.0,,0.0,0.0,0.0,0,,,,,,,,,,,,,,
breakout,2.0,2.0,,,coinbase_50k,8758,1.0,2022-01-01 00:00:00+00:00,2022-12-31 23:00:00+00:00,3579.62,-64.2,-64.21,-64.43,0.22,26.41,-3.76,-64.2,4893.39,48.93,157,45.2,1.644,-2.508,-0.631,-2.508,0.56,15.0,8.0,13.1,26.8,"{'stop': 86, 'target': 71}",-2.51,4.31,"[-0.946, -0.304]"
breakout,2.0,2.0,4800.0,,coinbase_50k,8758,1.0,2022-01-01 00:00:00+00:00,2022-12-31 23:00:00+00:00,10000.0,0.0,0.0,-64.43,64.43,0.0,,0.0,0.0,0.0,0,,,,,,,,,,,,,,
breakout,2.0,3.0,,,coinbase_50k,8758,1.0,2022-01-01 00:00:00+00:00,2022-12-31 23:00:00+00:00,3042.44,-69.58,-69.58,-64.43,-5.15,30.46,-3.76,-70.0,3760.32,37.6,143,52.4,1.64,-3.481,-0.795,1.593,0.51,23.3,12.0,11.9,38.1,"{'target': 75, 'stop': 67, 'end': 1}",-3.5,4.31,"[-1.227, -0.37]"
breakout,2.0,3.0,4800.0,,coinbase_50k,8758,1.0,2022-01-01 00:00:00+00:00,2022-12-31 23:00:00+00:00,10000.0,0.0,0.0,-64.43,64.43,0.0,,0.0,0.0,0.0,0,,,,,,,,,,,,,,
breakout,2.0,5.0,,,coinbase_50k,8758,1.0,2022-01-01 00:00:00+00:00,2022-12-31 23:00:00+00:00,3509.75,-64.9,-64.91,-64.43,-0.48,36.86,-2.66,-65.46,3480.19,34.8,126,65.9,1.636,-5.412,-0.77,1.593,0.57,35.3,15.5,10.5,50.8,"{'target': 83, 'stop': 42, 'end': 1}",-5.49,4.31,"[-1.328, -0.198]"
breakout,2.0,5.0,4800.0,,coinbase_50k,8758,1.0,2022-01-01 00:00:00+00:00,2022-12-31 23:00:00+00:00,10000.0,0.0,0.0,-64.43,64.43,0.0,,0.0,0.0,0.0,0,,,,,,,,,,,,,,
breakout,3.0,,,,coinbase_50k,8758,1.0,2022-01-01 00:00:00+00:00,2022-12-31 23:00:00+00:00,3438.39,-65.62,-65.62,-64.43,-1.19,64.2,-1.34,-67.43,33.56,0.34,1,0.0,,-65.616,-65.616,-65.616,0.0,8739.0,8739.0,0.1,99.8,{'end': 1},-65.62,-65.62,"[None, None]"
breakout,3.0,,4800.0,,coinbase_50k,8758,1.0,2022-01-01 00:00:00+00:00,2022-12-31 23:00:00+00:00,10000.0,0.0,0.0,-64.43,64.43,0.0,,0.0,0.0,0.0,0,,,,,,,,,,,,,,
breakout,3.0,1.0,,,coinbase_50k,8758,1.0,2022-01-01 00:00:00+00:00,2022-12-31 23:00:00+00:00,3531.89,-64.68,-64.69,-64.43,-0.25,23.31,-4.35,-65.3,4926.47,49.26,163,21.5,2.638,-1.513,-0.622,-1.513,0.47,9.5,4.0,13.6,17.8,"{'stop': 128, 'target': 35}",-1.51,4.31,"[-0.874, -0.37]"
breakout,3.0,1.0,4800.0,,coinbase_50k,8758,1.0,2022-01-01 00:00:00+00:00,2022-12-31 23:00:00+00:00,10000.0,0.0,0.0,-64.43,64.43,0.0,,0.0,0.0,0.0,0,,,,,,,,,,,,,,
breakout,3.0,2.0,,,coinbase_50k,8758,1.0,2022-01-01 00:00:00+00:00,2022-12-31 23:00:00+00:00,3103.7,-68.96,-68.97,-64.43,-4.54,29.29,-3.85,-69.2,3755.59,37.56,139,33.1,2.627,-2.508,-0.809,-2.508,0.5,19.2,12.0,11.6,30.5,"{'stop': 93, 'target': 46}",-2.51,4.31,"[-1.224, -0.406]"
breakout,3.0,2.0,4800.0,,coinbase_50k,8758,1.0,2022-01-01 00:00:00+00:00,2022-12-31 23:00:00+00:00,10000.0,0.0,0.0,-64.43,64.43,0.0,,0.0,0.0,0.0,0,,,,,,,,,,,,,,
breakout,3.0,3.0,,,coinbase_50k,8758,1.0,2022-01-01 00:00:00+00:00,2022-12-31 23:00:00+00:00,2814.7,-71.85,-71.86,-64.43,-7.43,33.59,-3.61,-72.34,2872.84,28.73,124,41.1,2.623,-3.483,-0.972,-3.503,0.47,30.3,17.0,10.3,43.0,"{'stop': 72, 'target': 51, 'end': 1}",-3.5,4.31,"[-1.51, -0.431]"
breakout,3.0,3.0,4800.0,,coinbase_50k,8758,1.0,2022-01-01 00:00:00+00:00,2022-12-31 23:00:00+00:00,10000.0,0.0,0.0,-64.43,64.43,0.0,,0.0,0.0,0.0,0,,,,,,,,,,,,,,
breakout,3.0,5.0,,,coinbase_50k,8758,1.0,2022-01-01 00:00:00+00:00,2022-12-31 23:00:00+00:00,2290.51,-77.09,-77.1,-64.43,-12.67,40.14,-3.47,-77.43,2215.39,22.15,104,51.0,2.622,-5.425,-1.324,2.589,0.45,47.4,25.0,8.7,56.3,"{'target': 53, 'stop': 50, 'end': 1}",-5.49,4.31,"[-2.102, -0.503]"
breakout,3.0,5.0,4800.0,,coinbase_50k,8758,1.0,2022-01-01 00:00:00+00:00,2022-12-31 23:00:00+00:00,10000.0,0.0,0.0,-64.43,64.43,0.0,,0.0,0.0,0.0,0,,,,,,,,,,,,,,
breakout,4.0,,,,coinbase_50k,8758,1.0,2022-01-01 00:00:00+00:00,2022-12-31 23:00:00+00:00,3438.39,-65.62,-65.62,-64.43,-1.19,64.2,-1.34,-67.43,33.56,0.34,1,0.0,,-65.616,-65.616,-65.616,0.0,8739.0,8739.0,0.1,99.8,{'end': 1},-65.62,-65.62,"[None, None]"
breakout,4.0,,4800.0,,coinbase_50k,8758,1.0,2022-01-01 00:00:00+00:00,2022-12-31 23:00:00+00:00,10000.0,0.0,0.0,-64.43,64.43,0.0,,0.0,0.0,0.0,0,,,,,,,,,,,,,,
breakout,4.0,1.0,,,coinbase_50k,8758,1.0,2022-01-01 00:00:00+00:00,2022-12-31 23:00:00+00:00,3855.82,-61.44,-61.45,-64.43,2.99,24.26,-3.81,-61.44,4935.1,49.35,149,17.4,3.613,-1.513,-0.619,-1.513,0.52,11.4,5.0,12.4,19.4,"{'stop': 123, 'target': 26}",-1.51,4.31,"[-0.927, -0.306]"
breakout,4.0,1.0,4800.0,,coinbase_50k,8758,1.0,2022-01-01 00:00:00+00:00,2022-12-31 23:00:00+00:00,10000.0,0.0,0.0,-64.43,64.43,0.0,,0.0,0.0,0.0,0,,,,,,,,,,,,,,
breakout,4.0,2.0,,,coinbase_50k,8758,1.0,2022-01-01 00:00:00+00:00,2022-12-31 23:00:00+00:00,3948.48,-60.52,-60.52,-64.43,3.91,31.12,-2.83,-60.76,3689.84,36.9,118,28.8,3.606,-2.508,-0.746,-2.508,0.57,27.3,14.5,9.8,36.8,"{'stop': 84, 'target': 34}",-2.51,4.31,"[-1.218, -0.23]"
breakout,4.0,2.0,4800.0,,coinbase_50k,8758,1.0,2022-01-01 00:00:00+00:00,2022-12-31 23:00:00+00:00,10000.0,0.0,0.0,-64.43,64.43,0.0,,0.0,0.0,0.0,0,,,,,,,,,,,,,,
breakout,4.0,3.0,,,coinbase_50k,8758,1.0,2022-01-01 00:00:00+00:00,2022-12-31 23:00:00+00:00,3837.78,-61.62,-61.63,-64.43,2.8,35.19,-2.55,-62.61,2895.5,28.96,105,37.1,3.604,-3.481,-0.849,-3.503,0.57,38.7,20.0,8.8,46.4,"{'stop': 65, 'target': 39, 'end': 1}",-3.5,4.31,"[-1.518, -0.181]"
breakout,4.0,3.0,4800.0,,coinbase_50k,8758,1.0,2022-01-01 00:00:00+00:00,2022-12-31 23:00:00+00:00,10000.0,0.0,0.0,-64.43,64.43,0.0,,0.0,0.0,0.0,0,,,,,,,,,,,,,,
breakout,4.0,5.0,,,coinbase_50k,8758,1.0,2022-01-01 00:00:00+00:00,2022-12-31 23:00:00+00:00,2876.95,-71.23,-71.24,-64.43,-6.8,42.1,-2.75,-71.38,2238.21,22.38,91,46.2,3.602,-5.422,-1.257,-5.493,0.53,57.5,35.0,7.6,59.8,"{'stop': 48, 'target': 42, 'end': 1}",-5.49,4.31,"[-2.193, -0.321]"
breakout,4.0,5.0,4800.0,,coinbase_50k,8758,1.0,2022-01-01 00:00:00+00:00,2022-12-31 23:00:00+00:00,10000.0,0.0,0.0,-64.43,64.43,0.0,,0.0,0.0,0.0,0,,,,,,,,,,,,,,
breakout,5.0,,,,coinbase_50k,8758,1.0,2022-01-01 00:00:00+00:00,2022-12-31 23:00:00+00:00,3438.39,-65.62,-65.62,-64.43,-1.19,64.2,-1.34,-67.43,33.56,0.34,1,0.0,,-65.616,-65.616,-65.616,0.0,8739.0,8739.0,0.1,99.8,{'end': 1},-65.62,-65.62,"[None, None]"
breakout,5.0,,4800.0,,coinbase_50k,8758,1.0,2022-01-01 00:00:00+00:00,2022-12-31 23:00:00+00:00,10000.0,0.0,0.0,-64.43,64.43,0.0,,0.0,0.0,0.0,0,,,,,,,,,,,,,,
breakout,5.0,1.0,,,coinbase_50k,8758,1.0,2022-01-01 00:00:00+00:00,2022-12-31 23:00:00+00:00,4236.24,-57.64,-57.65,-64.43,6.79,26.88,-3.06,-57.85,4502.6,45.03,139,15.1,4.581,-1.513,-0.593,-1.513,0.52,14.3,5.0,11.6,22.8,"{'stop': 118, 'target': 21}",-1.51,4.58,"[-0.943, -0.198]"
breakout,5.0,1.0,4800.0,,coinbase_50k,8758,1.0,2022-01-01 00:00:00+00:00,2022-12-31 23:00:00+00:00,10000.0,0.0,0.0,-64.43,64.43,0.0,,0.0,0.0,0.0,0,,,,,,,,,,,,,,
breakout,5.0,2.0,,,coinbase_50k,8758,1.0,2022-01-01 00:00:00+00:00,2022-12-31 23:00:00+00:00,3649.44,-63.51,-63.51,-64.43,0.92,33.37,-2.85,-64.42,3120.68,31.21,106,22.6,4.581,-2.508,-0.903,-2.508,0.51,31.3,19.5,8.8,37.9,"{'stop': 82, 'target': 24}",-2.51,4.58,"[-1.438, -0.301]"
breakout,5.0,2.0,4800.0,,coinbase_50k,8758,1.0,2022-01-01 00:00:00+00:00,2022-12-31 23:00:00+00:00,10000.0,0.0,0.0,-64.43,64.43,0.0,,0.0,0.0,0.0,0,,,,,,,,,,,,,,
breakout,5.0,3.0,,,coinbase_50k,8758,1.0,2022-01-01 00:00:00+00:00,2022-12-31 23:00:00+00:00,3631.7,-63.68,-63.69,-64.43,0.74,38.63,-2.43,-65.29,2506.49,25.06,92,30.4,4.581,-3.48,-1.027,-3.503,0.52,47.4,30.0,7.7,49.8,"{'stop': 63, 'target': 28, 'end': 1}",-3.5,4.58,"[-1.746, -0.323]"
breakout,5.0,3.0,4800.0,,coinbase_50k,8758,1.0,2022-01-01 00:00:00+00:00,2022-12-31 23:00:00+00:00,10000.0,0.0,0.0,-64.43,64.43,0.0,,0.0,0.0,0.0,0,,,,,,,,,,,,,,
breakout,5.0,5.0,,,coinbase_50k,8758,1.0,2022-01-01 00:00:00+00:00,2022-12-31 23:00:00+00:00,3201.16,-67.99,-68.0,-64.43,-3.56,44.47,-2.34,-68.76,1930.08,19.3,71,39.4,4.581,-5.412,-1.471,-5.493,0.52,79.8,47.0,5.9,64.7,"{'stop': 42, 'target': 28, 'end': 1}",-5.49,4.58,"[-2.558, -0.336]"
breakout,5.0,5.0,4800.0,,coinbase_50k,8758,1.0,2022-01-01 00:00:00+00:00,2022-12-31 23:00:00+00:00,10000.0,0.0,0.0,-64.43,64.43,0.0,,0.0,0.0,0.0,0,,,,,,,,,,,,,,
